chromosome	start_pos	end_pos	count	sample
chr1	9436844	9436888	1	CTCF-1
chr2	32916229	32916363	2	CTCF-1
chr2	61467169	61467297	1	CTCF-1
chr2	61467404	61467571	14	CTCF-1
chr2	166145139	166145197	1	CTCF-1
chr3	35309547	35309675	1	CTCF-1
chr3	35309679	35309776	1	CTCF-1
chr3	81011331	81011484	6	CTCF-1
chr4	40234024	40234232	33	CTCF-1
chr4	48991117	48991161	51	CTCF-1
chr6	41349080	41349112	1	CTCF-1
chr6	135131923	135131970	1	CTCF-1
chr6	167814964	167815007	1	CTCF-1
chr7	47685502	47685605	18	CTCF-1
chr7	47685927	47686041	2	CTCF-1
chr8	48064824	48064864	1	CTCF-1
chr9	3387834	3387934	4	CTCF-1
chr9	32559552	32559723	36	CTCF-1
chr9	32559733	32559910	4	CTCF-1
chr9	32559978	32560119	2	CTCF-1
chr9	72586343	72586406	2	CTCF-1
chr10	12395043	12395077	1	CTCF-1
chr11	64841451	64841482	1	CTCF-1
chr14	38538654	38538752	1	CTCF-1
chr14	38539044	38539173	1	CTCF-1
chr16	55292090	55292187	1	CTCF-1
chr16	55292271	55292400	1	CTCF-1
chr21	15060532	15060629	1	CTCF-1
chr21	15060680	15060808	1	CTCF-1
chrX	68836886	68837158	8	CTCF-1
chr1	6833227	6833288	2	CTCF-7
chr1	27832719	27832796	5	CTCF-7
chr1	30705969	30706068	2	CTCF-7
chr1	30706159	30706289	2	CTCF-7
chr1	38727850	38727903	4	CTCF-7
chr1	39555964	39556111	2	CTCF-7
chr1	56450345	56450542	6	CTCF-7
chr1	70500724	70500821	1	CTCF-7
chr1	70501098	70501226	1	CTCF-7
chr1	70638062	70638201	2	CTCF-7
chr1	93223027	93223124	1	CTCF-7
chr1	93223144	93223272	1	CTCF-7
chr1	97481853	97481992	9	CTCF-7
chr1	101200253	101200341	2	CTCF-7
chr1	101712197	101712329	2	CTCF-7
chr1	101712408	101712505	3	CTCF-7
chr1	116274120	116274196	2	CTCF-7
chr1	116759220	116759378	2	CTCF-7
chr1	121416630	121416758	1	CTCF-7
chr1	121416904	121417001	1	CTCF-7
chr1	125147232	125147398	6	CTCF-7
chr1	159910968	159911091	4	CTCF-7
chr1	162707382	162707512	2	CTCF-7
chr1	162707711	162707809	2	CTCF-7
chr1	176842504	176842632	1	CTCF-7
chr1	176842699	176842895	9	CTCF-7
chr1	180929553	180929651	2	CTCF-7
chr1	180929692	180929821	3	CTCF-7
chr1	188717209	188717348	4	CTCF-7
chr1	206551128	206551224	4	CTCF-7
chr1	206551235	206551363	4	CTCF-7
chr1	226380755	226380884	1	CTCF-7
chr1	226380922	226381050	2	CTCF-7
chr1	226381076	226381377	33	CTCF-7
chr1	235078453	235078483	1	CTCF-7
chr1	236588825	236588953	1	CTCF-7
chr1	236588975	236589072	1	CTCF-7
chr1	248882450	248882597	3	CTCF-7
chr2	5887166	5887264	4	CTCF-7
chr2	5887306	5887435	4	CTCF-7
chr2	6287772	6287816	2	CTCF-7
chr2	9283071	9283104	1	CTCF-7
chr2	20360641	20360734	3	CTCF-7
chr2	22784574	22784783	3	CTCF-7
chr2	23928232	23928361	4	CTCF-7
chr2	23928554	23928655	4	CTCF-7
chr2	32916198	32916608	15	CTCF-7
chr2	53716523	53716663	6	CTCF-7
chr2	61734484	61734650	2	CTCF-7
chr2	66026905	66027096	4	CTCF-7
chr2	66027202	66027300	4	CTCF-7
chr2	66550306	66550375	2	CTCF-7
chr2	70953750	70953854	2	CTCF-7
chr2	79119979	79120109	3	CTCF-7
chr2	79120137	79120235	3	CTCF-7
chr2	84393797	84393925	1	CTCF-7
chr2	84394074	84394171	1	CTCF-7
chr2	92867206	92867303	3	CTCF-7
chr2	95806374	95806502	1	CTCF-7
chr2	108610258	108610417	4	CTCF-7
chr2	115001876	115002076	4	CTCF-7
chr2	115002142	115002241	4	CTCF-7
chr2	115689139	115689268	3	CTCF-7
chr2	115689297	115689395	3	CTCF-7
chr2	117674523	117674714	7	CTCF-7
chr2	122138973	122139095	2	CTCF-7
chr2	124673707	124673808	1	CTCF-7
chr2	124673973	124674101	1	CTCF-7
chr2	134446669	134446826	4	CTCF-7
chr2	136210052	136210149	1	CTCF-7
chr2	136210328	136210458	1	CTCF-7
chr2	137789564	137789692	3	CTCF-7
chr2	137789739	137789840	8	CTCF-7
chr2	149984900	149984997	1	CTCF-7
chr2	149985387	149985516	1	CTCF-7
chr2	152225819	152226087	7	CTCF-7
chr2	152226190	152226318	1	CTCF-7
chr2	191312307	191312492	4	CTCF-7
chr2	204541881	204542261	18	CTCF-7
chr2	205115989	205116084	2	CTCF-7
chr2	207160046	207160161	2	CTCF-7
chr2	224408740	224408837	4	CTCF-7
chr2	224409074	224409202	1	CTCF-7
chr2	224409295	224409424	1	CTCF-7
chr3	3177417	3177555	4	CTCF-7
chr3	5076883	5076981	1	CTCF-7
chr3	5077116	5077244	1	CTCF-7
chr3	23940197	23940326	1	CTCF-7
chr3	23940675	23940774	1	CTCF-7
chr3	25784710	25784838	4	CTCF-7
chr3	25784882	25784980	3	CTCF-7
chr3	29170951	29171048	1	CTCF-7
chr3	29171290	29171419	1	CTCF-7
chr3	34019707	34019778	3	CTCF-7
chr3	34555528	34555680	4	CTCF-7
chr3	36528402	36528482	1	CTCF-7
chr3	38069823	38069952	4	CTCF-7
chr3	38069986	38070085	3	CTCF-7
chr3	38319489	38319533	4	CTCF-7
chr3	42595188	42595286	1	CTCF-7
chr3	42595327	42595464	1	CTCF-7
chr3	61026635	61026733	1	CTCF-7
chr3	61026785	61026913	1	CTCF-7
chr3	67658263	67658363	4	CTCF-7
chr3	67658388	67658518	4	CTCF-7
chr3	72001224	72001353	1	CTCF-7
chr3	72001660	72001758	1	CTCF-7
chr3	78117528	78117656	1	CTCF-7
chr3	78117866	78117965	1	CTCF-7
chr3	81608307	81608435	3	CTCF-7
chr3	81608461	81608562	3	CTCF-7
chr3	83186438	83186535	1	CTCF-7
chr3	83186657	83186786	1	CTCF-7
chr3	90861766	90861864	2	CTCF-7
chr3	93470360	93470788	72	CTCF-7
chr3	96679420	96679586	2	CTCF-7
chr3	97716995	97717218	15	CTCF-7
chr3	97717278	97717518	3	CTCF-7
chr3	98194257	98194287	50	CTCF-7
chr3	103937665	103937826	4	CTCF-7
chr3	105507786	105507885	3	CTCF-7
chr3	105508010	105508138	2	CTCF-7
chr3	112390656	112390831	2	CTCF-7
chr3	115093576	115093704	1	CTCF-7
chr3	115093854	115093951	1	CTCF-7
chr3	116818750	116818847	1	CTCF-7
chr3	116819090	116819218	2	CTCF-7
chr3	119907046	119907175	2	CTCF-7
chr3	119907307	119907405	2	CTCF-7
chr3	123144891	123145020	3	CTCF-7
chr3	123145037	123145134	3	CTCF-7
chr3	131730010	131730107	1	CTCF-7
chr3	131730315	131730444	1	CTCF-7
chr3	152403628	152403712	4	CTCF-7
chr3	153345777	153345958	2	CTCF-7
chr3	153346079	153346231	232	CTCF-7
chr3	161635817	161635914	1	CTCF-7
chr3	161636043	161636171	1	CTCF-7
chr3	168059321	168059532	2	CTCF-7
chr3	169204455	169204584	2	CTCF-7
chr3	169204714	169204811	2	CTCF-7
chr3	179887068	179887125	2	CTCF-7
chr3	189075118	189075150	1	CTCF-7
chr4	74290	74429	7	CTCF-7
chr4	26131236	26131420	8	CTCF-7
chr4	28485632	28485779	13	CTCF-7
chr4	29295355	29295408	2	CTCF-7
chr4	47616015	47616099	4	CTCF-7
chr4	51539558	51539629	1	CTCF-7
chr4	54596743	54596957	4	CTCF-7
chr4	59544464	59544515	2	CTCF-7
chr4	62100650	62100857	2	CTCF-7
chr4	62888773	62888875	2	CTCF-7
chr4	67227872	67227938	2	CTCF-7
chr4	69737782	69737995	40	CTCF-7
chr4	69738000	69738128	1	CTCF-7
chr4	69738216	69738345	1	CTCF-7
chr4	73518986	73519164	2	CTCF-7
chr4	77070394	77070491	2	CTCF-7
chr4	77070495	77070623	2	CTCF-7
chr4	89313546	89313643	1	CTCF-7
chr4	89313929	89314058	1	CTCF-7
chr4	105930695	105930824	2	CTCF-7
chr4	108310617	108311016	5	CTCF-7
chr4	108311153	108311281	20	CTCF-7
chr4	109734895	109734949	6	CTCF-7
chr4	121721348	121721460	28	CTCF-7
chr4	122129631	122129850	5	CTCF-7
chr4	123386246	123386375	4	CTCF-7
chr4	123386420	123386517	3	CTCF-7
chr4	136849460	136849677	3	CTCF-7
chr4	145808282	145808411	6	CTCF-7
chr4	146686405	146686507	2	CTCF-7
chr4	152113896	152114024	2	CTCF-7
chr4	152114059	152114315	60	CTCF-7
chr4	152502709	152502882	2	CTCF-7
chr4	158667793	158667868	4	CTCF-7
chr4	174113514	174113544	1	CTCF-7
chr4	179832028	179832156	1	CTCF-7
chr4	179832241	179832440	7	CTCF-7
chr4	179863696	179863824	1	CTCF-7
chr4	179864269	179864366	1	CTCF-7
chr4	187105090	187105191	4	CTCF-7
chr4	187356900	187357000	4	CTCF-7
chr4	187357192	187357320	3	CTCF-7
chr4	187747924	187748038	2	CTCF-7
chr5	3999115	3999212	1	CTCF-7
chr5	3999395	3999523	1	CTCF-7
chr5	10369368	10369547	6	CTCF-7
chr5	26075350	26075478	3	CTCF-7
chr5	26075552	26075650	5	CTCF-7
chr5	28163118	28163297	2	CTCF-7
chr5	34728586	34728716	2	CTCF-7
chr5	37679406	37679534	12	CTCF-7
chr5	37805292	37805421	1	CTCF-7
chr5	37805674	37805772	1	CTCF-7
chr5	39173343	39173562	2	CTCF-7
chr5	43491289	43491357	3	CTCF-7
chr5	46219853	46219975	6	CTCF-7
chr5	60051948	60052045	1	CTCF-7
chr5	60052186	60052314	1	CTCF-7
chr5	68354498	68354560	2	CTCF-7
chr5	72225910	72225949	14	CTCF-7
chr5	79444274	79444404	1	CTCF-7
chr5	79444589	79444686	1	CTCF-7
chr5	80959726	80959829	8	CTCF-7
chr5	91752483	91752612	1	CTCF-7
chr5	91752763	91752860	1	CTCF-7
chr5	96296873	96296951	3	CTCF-7
chr5	113294131	113294228	1	CTCF-7
chr5	113294451	113294579	1	CTCF-7
chr5	116099676	116099773	1	CTCF-7
chr5	116099803	116099931	1	CTCF-7
chr5	126631697	126631795	2	CTCF-7
chr5	126631827	126631955	2	CTCF-7
chr5	127205686	127205783	2	CTCF-7
chr5	127205785	127205913	2	CTCF-7
chr5	134671711	134672007	16	CTCF-7
chr5	143679431	143679524	2	CTCF-7
chr5	163467515	163467600	5	CTCF-7
chr5	177453055	177453200	2	CTCF-7
chr5	177495221	177495567	23	CTCF-7
chr6	50728313	50728387	2	CTCF-7
chr6	56697293	56697438	8	CTCF-7
chr6	61777934	61778044	4	CTCF-7
chr6	68556567	68556696	2	CTCF-7
chr6	69772463	69772561	3	CTCF-7
chr6	72687481	72687677	2	CTCF-7
chr6	79059688	79059775	4	CTCF-7
chr6	80012268	80012341	2	CTCF-7
chr6	84090665	84090737	1	CTCF-7
chr6	84091279	84091378	1	CTCF-7
chr6	92845175	92845303	1	CTCF-7
chr6	92845332	92845429	1	CTCF-7
chr6	108925752	108925805	2	CTCF-7
chr6	113409014	113409241	10	CTCF-7
chr6	122926173	122926393	2	CTCF-7
chr6	125812580	125812709	1	CTCF-7
chr6	125812718	125812815	1	CTCF-7
chr6	137390826	137390970	5	CTCF-7
chr6	149610093	149610139	1	CTCF-7
chr6	155637223	155637304	2	CTCF-7
chr6	163452576	163452666	2	CTCF-7
chr7	2072535	2072750	8	CTCF-7
chr7	11409083	11409227	10	CTCF-7
chr7	14065722	14065850	2	CTCF-7
chr7	14065959	14066163	16	CTCF-7
chr7	16328091	16328150	6	CTCF-7
chr7	16926140	16926238	2	CTCF-7
chr7	16926462	16926591	2	CTCF-7
chr7	16943760	16943888	1	CTCF-7
chr7	22140141	22140322	2	CTCF-7
chr7	29271025	29271129	4	CTCF-7
chr7	34731134	34731177	10	CTCF-7
chr7	48806546	48806674	1	CTCF-7
chr7	48807037	48807134	1	CTCF-7
chr7	49832137	49832267	1	CTCF-7
chr7	49832598	49832695	1	CTCF-7
chr7	51520670	51520767	1	CTCF-7
chr7	51521217	51521345	1	CTCF-7
chr7	55204479	55204509	1	CTCF-7
chr7	70428083	70428303	6	CTCF-7
chr7	71910683	71910814	1	CTCF-7
chr7	71910923	71911206	17	CTCF-7
chr7	85432182	85432310	2	CTCF-7
chr7	85432386	85432484	2	CTCF-7
chr7	91213256	91213318	4	CTCF-7
chr7	98553459	98553541	2	CTCF-7
chr7	98634925	98635146	4	CTCF-7
chr7	106505602	106505804	16	CTCF-7
chr7	107325993	107326168	4	CTCF-7
chr7	107770147	107770274	1	CTCF-7
chr7	111238737	111238976	11	CTCF-7
chr7	115207319	115207416	2	CTCF-7
chr7	115207504	115207638	2	CTCF-7
chr7	128935350	128935479	3	CTCF-7
chr7	128935556	128935653	3	CTCF-7
chr7	139678538	139678666	1	CTCF-7
chr7	139678705	139678803	1	CTCF-7
chr7	140882516	140882693	7	CTCF-7
chr7	157571654	157571783	3	CTCF-7
chr7	157571903	157572001	2	CTCF-7
chr8	2862244	2862341	3	CTCF-7
chr8	2862583	2862712	1	CTCF-7
chr8	20117040	20117169	2	CTCF-7
chr8	20117223	20117323	84	CTCF-7
chr8	23348280	23348386	1	CTCF-7
chr8	25367206	25367303	1	CTCF-7
chr8	25367557	25367686	1	CTCF-7
chr8	30825266	30825395	2	CTCF-7
chr8	33425172	33425300	1	CTCF-7
chr8	33425512	33425609	1	CTCF-7
chr8	42199876	42200004	1	CTCF-7
chr8	42200006	42200103	1	CTCF-7
chr8	46574971	46575115	2	CTCF-7
chr8	48187011	48187110	4	CTCF-7
chr8	48187148	48187276	4	CTCF-7
chr8	58644831	58644928	2	CTCF-7
chr8	62172634	62172824	6	CTCF-7
chr8	63037876	63037999	6	CTCF-7
chr8	69760294	69760422	1	CTCF-7
chr8	69760439	69760537	1	CTCF-7
chr8	78530891	78531091	18	CTCF-7
chr8	92129959	92130201	10	CTCF-7
chr8	96526834	96526931	1	CTCF-7
chr8	96527073	96527203	1	CTCF-7
chr8	107444662	107444827	6	CTCF-7
chr8	112622988	112623062	2	CTCF-7
chr8	112932776	112932966	4	CTCF-7
chr8	112933004	112933102	4	CTCF-7
chr8	125546195	125546780	468	CTCF-7
chr8	131765088	131765185	1	CTCF-7
chr8	131765266	131765394	1	CTCF-7
chr8	132665281	132665379	1	CTCF-7
chr8	132665385	132665514	1	CTCF-7
chr9	910393	910552	2	CTCF-7
chr9	6376109	6376235	2	CTCF-7
chr9	6753122	6753252	1	CTCF-7
chr9	6753356	6753453	1	CTCF-7
chr9	10793415	10793577	5	CTCF-7
chr9	15629934	15630062	10	CTCF-7
chr9	20213159	20213301	2	CTCF-7
chr9	22859877	22859974	1	CTCF-7
chr9	22860374	22860503	1	CTCF-7
chr9	24803192	24803289	1	CTCF-7
chr9	24803495	24803624	1	CTCF-7
chr9	25694093	25694193	4	CTCF-7
chr9	25694220	25694350	4	CTCF-7
chr9	40984129	40984259	1	CTCF-7
chr9	40992224	40992365	2	CTCF-7
chr9	41229386	41229468	1	CTCF-7
chr9	41229866	41229984	17	CTCF-7
chr9	72024626	72024724	4	CTCF-7
chr9	72024760	72024888	4	CTCF-7
chr9	73614644	73614834	6	CTCF-7
chr9	76413269	76413366	1	CTCF-7
chr9	76413541	76413666	1	CTCF-7
chr9	85972548	85972676	1	CTCF-7
chr9	85972713	85972913	3	CTCF-7
chr9	85972921	85973020	4	CTCF-7
chr9	93725848	93725888	11	CTCF-7
chr9	101545722	101545819	1	CTCF-7
chr9	101545888	101546016	1	CTCF-7
chr9	103596823	103596913	2	CTCF-7
chr9	114089135	114089406	6	CTCF-7
chr9	114089477	114089680	19	CTCF-7
chr9	119236984	119237163	4	CTCF-7
chr10	13216258	13216383	1	CTCF-7
chr10	14010395	14010440	2	CTCF-7
chr10	21955119	21955170	4	CTCF-7
chr10	22706797	22706895	3	CTCF-7
chr10	22706938	22707069	3	CTCF-7
chr10	27736834	27736989	6	CTCF-7
chr10	29404071	29404201	1	CTCF-7
chr10	29404255	29404383	3	CTCF-7
chr10	29404398	29404495	3	CTCF-7
chr10	58282439	58282590	16	CTCF-7
chr10	73275371	73275499	1	CTCF-7
chr10	73275759	73275856	1	CTCF-7
chr10	76360154	76360282	2	CTCF-7
chr10	76360550	76360648	2	CTCF-7
chr10	82956492	82956590	7	CTCF-7
chr10	82956596	82956806	7	CTCF-7
chr10	108914422	108914452	105	CTCF-7
chr10	110499092	110499189	1	CTCF-7
chr10	110499256	110499384	1	CTCF-7
chr10	111016953	111017081	2	CTCF-7
chr10	111017270	111017395	4	CTCF-7
chr10	113938478	113938672	6	CTCF-7
chr11	6122080	6122208	1	CTCF-7
chr11	13153045	13153173	2	CTCF-7
chr11	13153312	13153410	2	CTCF-7
chr11	22767277	22767470	4	CTCF-7
chr11	31993328	31993532	15	CTCF-7
chr11	44781809	44781899	2	CTCF-7
chr11	54866259	54866387	1	CTCF-7
chr11	54866558	54866655	2	CTCF-7
chr11	59109073	59109171	1	CTCF-7
chr11	59109250	59109378	1	CTCF-7
chr11	60977011	60977108	1	CTCF-7
chr11	60977229	60977358	1	CTCF-7
chr11	61116379	61116417	2	CTCF-7
chr11	62867821	62867918	1	CTCF-7
chr11	62867982	62868110	1	CTCF-7
chr11	86196924	86197059	2	CTCF-7
chr11	93643996	93644095	3	CTCF-7
chr11	93644125	93644254	3	CTCF-7
chr11	126926098	126926235	2	CTCF-7
chr11	128086360	128086455	2	CTCF-7
chr12	18110380	18110479	2	CTCF-7
chr12	18110743	18110871	2	CTCF-7
chr12	34867600	34867674	1	CTCF-7
chr12	35474864	35474993	1	CTCF-7
chr12	41399377	41399476	4	CTCF-7
chr12	41399597	41399726	3	CTCF-7
chr12	44642289	44642455	6	CTCF-7
chr12	53269192	53269381	4	CTCF-7
chr12	64852512	64852703	6	CTCF-7
chr12	65733810	65733938	2	CTCF-7
chr12	65734131	65734229	2	CTCF-7
chr12	82357234	82357380	3	CTCF-7
chr12	83222184	83222312	1	CTCF-7
chr12	83222405	83222722	14	CTCF-7
chr12	87662234	87662498	14	CTCF-7
chr12	90581150	90581311	6	CTCF-7
chr12	94004369	94004499	11	CTCF-7
chr12	98527898	98528101	12	CTCF-7
chr12	101823700	101823828	1	CTCF-7
chr12	101824285	101824417	6	CTCF-7
chr12	102187265	102187363	4	CTCF-7
chr12	102187416	102187546	3	CTCF-7
chr12	106238916	106239033	2	CTCF-7
chr12	112447653	112447750	2	CTCF-7
chr12	112447780	112447908	4	CTCF-7
chr12	113462075	113462123	15	CTCF-7
chr12	121129857	121129967	12	CTCF-7
chr12	124839609	124839706	11	CTCF-7
chr13	22470863	22470958	45	CTCF-7
chr13	22471267	22471396	1	CTCF-7
chr13	33347926	33348239	6	CTCF-7
chr13	38354683	38354852	4	CTCF-7
chr13	42991167	42991295	2	CTCF-7
chr13	52737636	52737699	2	CTCF-7
chr13	57956360	57956476	2	CTCF-7
chr13	61228665	61228764	2	CTCF-7
chr13	61228878	61229006	2	CTCF-7
chr13	61401395	61401429	16	CTCF-7
chr13	71272135	71272232	1	CTCF-7
chr13	71272237	71272366	1	CTCF-7
chr13	75267227	75267325	1	CTCF-7
chr13	75267375	75267503	1	CTCF-7
chr13	78655635	78655723	4	CTCF-7
chr13	84890838	84890935	1	CTCF-7
chr13	84891161	84891291	1	CTCF-7
chr13	94495797	94495960	4	CTCF-7
chr13	96321451	96321499	2	CTCF-7
chr13	99499509	99499609	15	CTCF-7
chr13	100407857	100408015	6	CTCF-7
chr13	101348519	101348647	1	CTCF-7
chr13	101348786	101348883	3	CTCF-7
chr13	102770928	102771025	9	CTCF-7
chr13	102771277	102771405	1	CTCF-7
chr13	108218780	108218952	9	CTCF-7
chr13	112694631	112694740	4	CTCF-7
chr14	20666709	20666939	8	CTCF-7
chr14	24669843	24670124	28	CTCF-7
chr14	25501721	25501839	8	CTCF-7
chr14	28186630	28186690	2	CTCF-7
chr14	31390366	31390494	2	CTCF-7
chr14	31390776	31390874	4	CTCF-7
chr14	31702285	31702382	2	CTCF-7
chr14	31702604	31702732	2	CTCF-7
chr14	46873887	46873986	2	CTCF-7
chr14	50631593	50631659	10	CTCF-7
chr14	54535159	54535288	1	CTCF-7
chr14	54535315	54535416	1	CTCF-7
chr14	57135782	57135819	26	CTCF-7
chr14	57991649	57991746	1	CTCF-7
chr14	57991777	57991905	1	CTCF-7
chr14	58161651	58161750	10	CTCF-7
chr14	58823765	58823810	9	CTCF-7
chr14	59047576	59047705	1	CTCF-7
chr14	59047956	59048084	1	CTCF-7
chr14	59048138	59048235	2	CTCF-7
chr14	59821070	59821117	1	CTCF-7
chr14	63113674	63113863	2	CTCF-7
chr14	71182695	71182836	10	CTCF-7
chr14	71324354	71324459	2	CTCF-7
chr14	72793726	72793854	4	CTCF-7
chr14	72793940	72794090	6	CTCF-7
chr14	77404244	77404341	1	CTCF-7
chr14	77404514	77404642	1	CTCF-7
chr14	82094028	82094203	11	CTCF-7
chr14	82094257	82094386	4	CTCF-7
chr14	85510016	85510134	8	CTCF-7
chr14	88909372	88909470	2	CTCF-7
chr14	88909622	88909750	2	CTCF-7
chr14	97810250	97810347	1	CTCF-7
chr14	97810465	97810593	1	CTCF-7
chr14	104254715	104254929	6	CTCF-7
chr15	23971880	23971978	1	CTCF-7
chr15	23972027	23972152	1	CTCF-7
chr15	38069506	38069634	1	CTCF-7
chr15	38069894	38070072	9	CTCF-7
chr15	42542791	42542919	1	CTCF-7
chr15	49593185	49593313	1	CTCF-7
chr15	49593540	49593637	1	CTCF-7
chr15	54215501	54215666	2	CTCF-7
chr15	55829252	55829380	6	CTCF-7
chr15	56217705	56218147	41	CTCF-7
chr15	62601556	62601665	3	CTCF-7
chr15	65544819	65545121	23	CTCF-7
chr15	70562556	70562653	7	CTCF-7
chr15	71700080	71700179	2	CTCF-7
chr15	71700182	71700310	2	CTCF-7
chr15	72222851	72222979	1	CTCF-7
chr15	72223000	72223132	2	CTCF-7
chr15	72223271	72223369	44	CTCF-7
chr15	74389912	74390011	3	CTCF-7
chr15	74390027	74390155	4	CTCF-7
chr15	74849953	74850040	2	CTCF-7
chr15	94376881	94377009	3	CTCF-7
chr15	94377178	94377276	3	CTCF-7
chr15	101633714	101633817	4	CTCF-7
chr16	10948297	10948426	2	CTCF-7
chr16	10948469	10948676	22	CTCF-7
chr16	11192306	11192479	9	CTCF-7
chr16	18819170	18819315	3	CTCF-7
chr16	18819537	18819667	1	CTCF-7
chr16	35471738	35471838	5	CTCF-7
chr16	35471948	35472076	4	CTCF-7
chr16	47105268	47105303	22	CTCF-7
chr16	48159984	48160081	1	CTCF-7
chr16	48160405	48160534	1	CTCF-7
chr16	52296143	52296241	1	CTCF-7
chr16	52296390	52296519	1	CTCF-7
chr16	84042330	84042427	1	CTCF-7
chr16	84042565	84042693	1	CTCF-7
chr17	4996664	4996706	5	CTCF-7
chr17	8773254	8773382	2	CTCF-7
chr17	8773400	8773546	6	CTCF-7
chr17	13746554	13746598	4	CTCF-7
chr17	15377036	15377282	6	CTCF-7
chr17	15377406	15377535	2	CTCF-7
chr17	19277272	19277400	2	CTCF-7
chr17	33042623	33042751	1	CTCF-7
chr17	52579122	52579392	7	CTCF-7
chr17	55042625	55042800	4	CTCF-7
chr17	73780672	73780800	2	CTCF-7
chr17	73780827	73780925	2	CTCF-7
chr18	6728102	6728230	1	CTCF-7
chr18	6728273	6728370	4	CTCF-7
chr18	8769177	8769370	4	CTCF-7
chr18	36772671	36772768	1	CTCF-7
chr18	36772877	36773005	1	CTCF-7
chr18	39634299	39634428	1	CTCF-7
chr18	39634439	39634710	26	CTCF-7
chr18	41569316	41569414	1	CTCF-7
chr18	41569730	41569859	1	CTCF-7
chr18	45048035	45048163	1	CTCF-7
chr18	45048315	45048413	1	CTCF-7
chr18	49467616	49468117	21	CTCF-7
chr18	55863988	55864093	2	CTCF-7
chr18	60866434	60866562	2	CTCF-7
chr18	60866770	60866966	345	CTCF-7
chr18	61970364	61970468	1	CTCF-7
chr18	62584608	62584706	19	CTCF-7
chr18	65091232	65091346	2	CTCF-7
chr18	66873644	66873772	3	CTCF-7
chr18	66873842	66873940	3	CTCF-7
chr18	72339368	72339562	6	CTCF-7
chr18	79213743	79213921	4	CTCF-7
chr18	79283783	79283881	1	CTCF-7
chr18	79284210	79284339	1	CTCF-7
chr19	10760106	10760325	2	CTCF-7
chr19	13770863	13770991	1	CTCF-7
chr19	13770993	13771091	12	CTCF-7
chr19	15385759	15385856	4	CTCF-7
chr19	22097892	22097989	1	CTCF-7
chr19	22098258	22098387	1	CTCF-7
chr19	27960565	27960662	1	CTCF-7
chr19	27961101	27961230	1	CTCF-7
chr19	28519158	28519540	65	CTCF-7
chr19	39368493	39368621	1	CTCF-7
chr19	39368655	39368755	1	CTCF-7
chr19	40836573	40836690	2	CTCF-7
chr20	5132973	5133101	1	CTCF-7
chr20	5133559	5133656	1	CTCF-7
chr20	13294550	13294743	4	CTCF-7
chr20	21755865	21755908	10	CTCF-7
chr20	23469190	23469332	4	CTCF-7
chr20	30813010	30813191	4	CTCF-7
chr20	36662559	36662651	2	CTCF-7
chr20	37512571	37512768	6	CTCF-7
chr20	46297920	46298050	4	CTCF-7
chr20	60453676	60453804	4	CTCF-7
chr21	10359248	10359367	2	CTCF-7
chr21	14234360	14234485	7	CTCF-7
chr21	22629997	22630095	1	CTCF-7
chr21	22630098	22630226	1	CTCF-7
chr21	24144462	24144550	2	CTCF-7
chr21	35446684	35446884	6	CTCF-7
chr21	39665171	39665269	1	CTCF-7
chr21	39665273	39665401	1	CTCF-7
chr21	40810393	40810521	3	CTCF-7
chr21	40810606	40810704	3	CTCF-7
chr21	41877416	41877638	4	CTCF-7
chr21	41877705	41877892	23	CTCF-7
chr21	43604372	43604412	1	CTCF-7
chr22	17802431	17802633	2	CTCF-7
chr22	19184723	19184888	5	CTCF-7
chr22	19184892	19185020	3	CTCF-7
chr22	47443361	47443588	10	CTCF-7
chrX	28034703	28034898	4	CTCF-7
chrX	31352265	31352370	2	CTCF-7
chrX	40752404	40752480	2	CTCF-7
chrX	42999822	42999950	2	CTCF-7
chrX	43000201	43000298	2	CTCF-7
chrX	64200300	64200451	5	CTCF-7
chrX	64853781	64853903	3	CTCF-7
chrX	80633255	80633424	2	CTCF-7
chrX	80854255	80854415	2	CTCF-7
chrX	96790585	96790660	2	CTCF-7
chrX	106321820	106322066	6	CTCF-7
chrX	109773812	109773940	1	CTCF-7
chrX	109774183	109774281	1	CTCF-7
chrX	116026191	116026344	8	CTCF-7
chrX	116026564	116026693	1	CTCF-7
chrX	119604536	119604605	3	CTCF-7
chrX	121160848	121160977	1	CTCF-7
chrX	121161013	121161110	1	CTCF-7
chrX	124127917	124127950	1	CTCF-7
chrX	128572541	128572609	6	CTCF-7
chrX	131818138	131818321	6	CTCF-7
chrX	134881724	134881853	1	CTCF-7
chrX	134881910	134882007	1	CTCF-7
chrX	145299878	145300006	1	CTCF-7
chrX	145300099	145300285	3	CTCF-7
chrX	155950338	155950436	2	CTCF-7
chrX	155950448	155950576	2	CTCF-7
chrUn_KI270744v1	40367	40434	1	CTCF-7
chrUn_JTFH01000661v1_decoy	93	222	1	CTCF-7
chrUn_JTFH01000661v1_decoy	312	411	1	CTCF-7
chrUn_JTFH01000997v1_decoy	536	623	1	CTCF-7
chrUn_JTFH01001822v1_decoy	2675	2710	1	CTCF-7
chrUn_JTFH01001874v1_decoy	617	754	2	CTCF-7
chrUn_JTFH01001929v1_decoy	581	644	1	CTCF-7
chrUn_JTFH01001973v1_decoy	1446	1491	2	CTCF-7
chr1	12464300	12464406	1	CTCF-8
chr1	12464776	12464873	1	CTCF-8
chr1	19484178	19484397	8	CTCF-8
chr1	57132662	57132741	2	CTCF-8
chr1	60630922	60630974	2	CTCF-8
chr1	60683403	60683562	2	CTCF-8
chr1	64535117	64535300	12	CTCF-8
chr1	80721784	80721882	2	CTCF-8
chr1	80721888	80722016	3	CTCF-8
chr1	91752891	91753061	18	CTCF-8
chr1	114851287	114851429	2	CTCF-8
chr1	117465005	117465150	4	CTCF-8
chr1	119000172	119000371	6	CTCF-8
chr1	168604589	168604717	2	CTCF-8
chr1	174518552	174518752	6	CTCF-8
chr1	186363729	186363819	7	CTCF-8
chr1	186563720	186563759	2	CTCF-8
chr1	188761508	188761638	2	CTCF-8
chr1	188761648	188761746	2	CTCF-8
chr1	189380353	189380450	1	CTCF-8
chr1	209623433	209623489	5	CTCF-8
chr1	209715094	209715327	11	CTCF-8
chr1	210037857	210038061	7	CTCF-8
chr2	10475292	10475407	2	CTCF-8
chr2	25353721	25353823	6	CTCF-8
chr2	32916228	32916379	8	CTCF-8
chr2	32916401	32916626	12	CTCF-8
chr2	33736538	33736598	2	CTCF-8
chr2	38792695	38792792	2	CTCF-8
chr2	45641304	45641459	2	CTCF-8
chr2	54584920	54585027	1	CTCF-8
chr2	59464306	59464522	15	CTCF-8
chr2	59464524	59464653	3	CTCF-8
chr2	62624289	62624324	84	CTCF-8
chr2	65665288	65665363	6	CTCF-8
chr2	70953750	70953854	2	CTCF-8
chr2	83044053	83044130	8	CTCF-8
chr2	86761303	86761521	5	CTCF-8
chr2	91960145	91960273	3	CTCF-8
chr2	96116073	96116222	4	CTCF-8
chr2	96116294	96116392	4	CTCF-8
chr2	112240137	112240308	6	CTCF-8
chr2	118433207	118433518	31	CTCF-8
chr2	121709018	121709179	10	CTCF-8
chr2	134254423	134254478	2	CTCF-8
chr2	152808981	152809152	27	CTCF-8
chr2	161168939	161169038	34	CTCF-8
chr2	171865416	171865533	4	CTCF-8
chr2	178509610	178509790	6	CTCF-8
chr2	190920896	190921002	2	CTCF-8
chr2	196923170	196923246	4	CTCF-8
chr2	201701866	201701965	6	CTCF-8
chr2	205046806	205046965	10	CTCF-8
chr3	17301979	17302108	2	CTCF-8
chr3	17302125	17302225	2	CTCF-8
chr3	34555528	34555680	2	CTCF-8
chr3	42586128	42586183	2	CTCF-8
chr3	46009776	46009989	2	CTCF-8
chr3	75250021	75250111	2	CTCF-8
chr3	81492358	81492486	4	CTCF-8
chr3	81492504	81492614	13	CTCF-8
chr3	85628643	85628811	11	CTCF-8
chr3	90861766	90861864	1	CTCF-8
chr3	93470448	93470585	6	CTCF-8
chr3	93470613	93470711	1	CTCF-8
chr3	93918446	93918629	6	CTCF-8
chr3	101529735	101529934	12	CTCF-8
chr3	102986971	102987069	7	CTCF-8
chr3	102987074	102987202	1	CTCF-8
chr3	108292075	108292295	36	CTCF-8
chr3	113567136	113567251	10	CTCF-8
chr3	120755234	120755432	8	CTCF-8
chr3	136328326	136328423	9	CTCF-8
chr3	136328431	136328559	3	CTCF-8
chr3	139768698	139768915	2	CTCF-8
chr3	143301753	143301912	9	CTCF-8
chr3	156338306	156338363	1	CTCF-8
chr3	166261917	166262045	1	CTCF-8
chr3	166262069	166262167	1	CTCF-8
chr4	578512	578695	4	CTCF-8
chr4	21776499	21776761	6	CTCF-8
chr4	21776804	21776902	6	CTCF-8
chr4	26052213	26052462	12	CTCF-8
chr4	26131236	26131420	2	CTCF-8
chr4	26604006	26604209	4	CTCF-8
chr4	41965580	41965768	8	CTCF-8
chr4	42050932	42051143	4	CTCF-8
chr4	46360855	46360931	4	CTCF-8
chr4	51889970	51890022	8	CTCF-8
chr4	55386374	55386566	7	CTCF-8
chr4	56005486	56005582	4	CTCF-8
chr4	69737782	69737995	2	CTCF-8
chr4	75524088	75524277	6	CTCF-8
chr4	81522952	81523174	21	CTCF-8
chr4	82677550	82677655	4	CTCF-8
chr4	83400900	83401026	1	CTCF-8
chr4	87793637	87793785	15	CTCF-8
chr4	112079925	112080092	2	CTCF-8
chr4	138389035	138389134	1	CTCF-8
chr4	139048393	139048445	5	CTCF-8
chr4	139523960	139524088	1	CTCF-8
chr4	139524272	139524369	1	CTCF-8
chr4	143702438	143702566	1	CTCF-8
chr4	143702618	143702715	1	CTCF-8
chr4	145166263	145166391	1	CTCF-8
chr4	145166662	145166759	1	CTCF-8
chr4	151937665	151937793	1	CTCF-8
chr4	151938162	151938259	6	CTCF-8
chr4	153462523	153462717	2	CTCF-8
chr4	153517412	153517540	1	CTCF-8
chr4	153517594	153517727	111	CTCF-8
chr5	1676959	1677089	4	CTCF-8
chr5	2046535	2046632	1	CTCF-8
chr5	2974296	2974501	4	CTCF-8
chr5	19560338	19560511	4	CTCF-8
chr5	21018417	21018572	8	CTCF-8
chr5	39685051	39685148	1	CTCF-8
chr5	44282845	44282884	34	CTCF-8
chr5	55097456	55097567	8	CTCF-8
chr5	57187189	57187320	2	CTCF-8
chr5	59830441	59830583	12	CTCF-8
chr5	63631683	63631781	1	CTCF-8
chr5	63631946	63632074	1	CTCF-8
chr5	67534274	67534345	4	CTCF-8
chr5	76544977	76545093	2	CTCF-8
chr5	151067666	151067833	2	CTCF-8
chr5	160312933	160312964	1	CTCF-8
chr6	290388	290517	2	CTCF-8
chr6	290539	290638	2	CTCF-8
chr6	3016574	3016647	7	CTCF-8
chr6	21345674	21345771	4	CTCF-8
chr6	38158429	38158594	5	CTCF-8
chr6	38876956	38876989	33	CTCF-8
chr6	66289635	66289746	2	CTCF-8
chr6	82527042	82527211	6	CTCF-8
chr6	131760541	131760672	2	CTCF-8
chr6	131760902	131761062	101	CTCF-8
chr6	150599454	150599492	38	CTCF-8
chr6	153382915	153383082	2	CTCF-8
chr6	160527337	160527519	30	CTCF-8
chr6	167825749	167825877	4	CTCF-8
chr6	167826025	167826123	16	CTCF-8
chr7	34334972	34335157	6	CTCF-8
chr7	53199545	53199627	4	CTCF-8
chr7	70756274	70756462	2	CTCF-8
chr7	75521529	75521657	3	CTCF-8
chr7	81378145	81378213	2	CTCF-8
chr7	104208466	104208536	2	CTCF-8
chr7	111238737	111238904	2	CTCF-8
chr7	133076529	133076584	4	CTCF-8
chr8	13432627	13432820	2	CTCF-8
chr8	16528403	16528574	8	CTCF-8
chr8	25456546	25456674	4	CTCF-8
chr8	25456792	25456891	4	CTCF-8
chr8	25524057	25524155	2	CTCF-8
chr8	25524220	25524349	2	CTCF-8
chr8	26233133	26233264	6	CTCF-8
chr8	26233293	26233394	2	CTCF-8
chr8	27001484	27001613	2	CTCF-8
chr8	32612212	32612283	2	CTCF-8
chr8	33776772	33776869	8	CTCF-8
chr8	33776906	33777035	2	CTCF-8
chr8	43423415	43423531	8	CTCF-8
chr8	48474538	48474636	2	CTCF-8
chr8	48962875	48963066	8	CTCF-8
chr8	49745058	49745159	4	CTCF-8
chr8	65687802	65687925	2	CTCF-8
chr8	80438522	80438784	23	CTCF-8
chr8	83867895	83867993	1	CTCF-8
chr8	83868123	83868251	1	CTCF-8
chr8	109570741	109570912	2	CTCF-8
chr9	7662319	7662500	2	CTCF-8
chr9	11511341	11511470	2	CTCF-8
chr9	11511477	11511576	2	CTCF-8
chr9	15420229	15420357	9	CTCF-8
chr9	15420371	15420474	9	CTCF-8
chr9	17375303	17375486	6	CTCF-8
chr9	32936805	32936991	96	CTCF-8
chr9	32937038	32937166	1	CTCF-8
chr9	33837647	33837777	4	CTCF-8
chr9	33837867	33837966	3	CTCF-8
chr9	71910792	71910883	6	CTCF-8
chr9	73549671	73550038	128	CTCF-8
chr9	76020301	76020387	6	CTCF-8
chr9	95876559	95876737	8	CTCF-8
chr9	107235213	107235298	3	CTCF-8
chr9	109885566	109885738	4	CTCF-8
chr9	110126082	110126218	2	CTCF-8
chr9	117517622	117517803	24	CTCF-8
chr9	117517845	117517973	2	CTCF-8
chr10	1057659	1057826	12	CTCF-8
chr10	15801333	15801559	6	CTCF-8
chr10	17231571	17231876	96	CTCF-8
chr10	18323710	18323838	1	CTCF-8
chr10	18323849	18323946	1	CTCF-8
chr10	38587882	38587959	1	CTCF-8
chr10	43166833	43166980	6	CTCF-8
chr10	58282439	58282590	4	CTCF-8
chr10	58434812	58434947	12	CTCF-8
chr10	58434964	58435066	26	CTCF-8
chr10	64944369	64944466	2	CTCF-8
chr10	64944532	64944661	1	CTCF-8
chr10	65759778	65759900	9	CTCF-8
chr10	68407728	68407775	1	CTCF-8
chr10	82963275	82963361	2	CTCF-8
chr10	84400243	84400372	1	CTCF-8
chr10	84400544	84400710	10	CTCF-8
chr10	93514934	93515069	8	CTCF-8
chr10	97277814	97277995	68	CTCF-8
chr11	828626	828757	9	CTCF-8
chr11	12193986	12194083	1	CTCF-8
chr11	12194224	12194353	1	CTCF-8
chr11	18072002	18072096	2	CTCF-8
chr11	18471905	18472070	7	CTCF-8
chr11	23144145	23144273	1	CTCF-8
chr11	23144355	23144452	3	CTCF-8
chr11	24015890	24015991	2	CTCF-8
chr11	24016146	24016277	2	CTCF-8
chr11	27187088	27187278	4	CTCF-8
chr11	37580073	37580166	4	CTCF-8
chr11	42624324	42624496	2	CTCF-8
chr11	43005778	43005819	10	CTCF-8
chr11	73849801	73849930	1	CTCF-8
chr11	110454203	110454297	2	CTCF-8
chr11	112226233	112226401	36	CTCF-8
chr11	124003456	124003662	2	CTCF-8
chr12	3455644	3455803	2	CTCF-8
chr12	7000583	7000728	18	CTCF-8
chr12	12929507	12929571	1	CTCF-8
chr12	16222812	16222869	6	CTCF-8
chr12	17827215	17827261	11	CTCF-8
chr12	18476080	18476239	7	CTCF-8
chr12	25484033	25484240	4	CTCF-8
chr12	31733801	31733922	9	CTCF-8
chr12	41399377	41399475	1	CTCF-8
chr12	41399597	41399726	1	CTCF-8
chr12	51006052	51006128	2	CTCF-8
chr12	67447285	67447519	13	CTCF-8
chr12	81650974	81651027	6	CTCF-8
chr12	93253990	93254056	8	CTCF-8
chr12	100235273	100235457	8	CTCF-8
chr12	106093846	106094033	2	CTCF-8
chr12	113966063	113966133	4	CTCF-8
chr12	115945003	115945049	6	CTCF-8
chr12	117186852	117187058	20	CTCF-8
chr12	117187090	117187218	2	CTCF-8
chr12	117619280	117619419	3	CTCF-8
chr12	131782197	131782530	81	CTCF-8
chr13	18976132	18976385	2	CTCF-8
chr13	18976506	18976668	160	CTCF-8
chr13	28660010	28660100	4	CTCF-8
chr13	31505334	31505365	50	CTCF-8
chr13	32980739	32980799	4	CTCF-8
chr13	36418475	36418510	12	CTCF-8
chr13	53787950	53788080	4	CTCF-8
chr13	55502275	55502410	8	CTCF-8
chr13	61416199	61416386	9	CTCF-8
chr13	68632023	68632062	24	CTCF-8
chr13	77389116	77389168	11	CTCF-8
chr13	83178406	83178577	5	CTCF-8
chr13	105440764	105440828	5	CTCF-8
chr14	20502258	20502689	73	CTCF-8
chr14	20898112	20898143	2	CTCF-8
chr14	27075634	27075822	75	CTCF-8
chr14	27285125	27285293	2	CTCF-8
chr14	28423778	28423888	4	CTCF-8
chr14	33427931	33428010	4	CTCF-8
chr14	48760853	48760951	12	CTCF-8
chr14	48760954	48761082	3	CTCF-8
chr14	54745993	54746122	2	CTCF-8
chr14	62747250	62747380	2	CTCF-8
chr14	62747480	62747672	24	CTCF-8
chr14	63540416	63540557	21	CTCF-8
chr14	63540683	63540812	5	CTCF-8
chr14	69448215	69448251	1	CTCF-8
chr14	72793726	72793854	1	CTCF-8
chr14	72793992	72794090	1	CTCF-8
chr14	86327462	86327592	4	CTCF-8
chr14	86327623	86327803	10	CTCF-8
chr14	95113294	95113423	1	CTCF-8
chr14	95113530	95113627	1	CTCF-8
chr14	103146182	103146289	2	CTCF-8
chr14	104820176	104820270	4	CTCF-8
chr15	34205757	34205880	4	CTCF-8
chr15	46525572	46525752	6	CTCF-8
chr15	50907638	50907819	4	CTCF-8
chr15	54215501	54215666	2	CTCF-8
chr15	56217705	56217856	2	CTCF-8
chr15	56990811	56990991	3	CTCF-8
chr15	86103895	86104012	4	CTCF-8
chr15	87816119	87816216	6	CTCF-8
chr16	12636961	12637080	6	CTCF-8
chr16	14153022	14153139	2	CTCF-8
chr16	21558296	21558326	8	CTCF-8
chr16	30131533	30131661	1	CTCF-8
chr16	30131802	30131899	3	CTCF-8
chr16	35548499	35548619	11	CTCF-8
chr16	52931360	52931431	2	CTCF-8
chr16	53060550	53060773	10	CTCF-8
chr16	53476573	53476653	2	CTCF-8
chr16	53505831	53506010	4	CTCF-8
chr16	55430870	55430968	2	CTCF-8
chr16	55431048	55431177	2	CTCF-8
chr16	62871293	62871527	4	CTCF-8
chr16	62871587	62871687	3	CTCF-8
chr16	63318451	63318529	2	CTCF-8
chr16	69383687	69383908	4	CTCF-8
chr16	88967751	88967796	6	CTCF-8
chr17	5141496	5141572	5	CTCF-8
chr17	8450852	8451072	11	CTCF-8
chr17	17847463	17847669	2	CTCF-8
chr17	20021237	20021371	2	CTCF-8
chr17	20089357	20089399	70	CTCF-8
chr17	43144421	43144568	2	CTCF-8
chr17	48146875	48147076	15	CTCF-8
chr17	48147447	48147575	1	CTCF-8
chr17	53430244	53430389	6	CTCF-8
chr17	65695059	65695135	2	CTCF-8
chr17	78067328	78067440	7	CTCF-8
chr17	78067467	78067595	4	CTCF-8
chr18	3090815	3090929	2	CTCF-8
chr18	6728288	6728370	2	CTCF-8
chr18	53973450	53973515	2	CTCF-8
chr18	55048311	55048439	2	CTCF-8
chr18	55048499	55048597	2	CTCF-8
chr18	56208087	56208295	76	CTCF-8
chr18	60866770	60866966	2	CTCF-8
chr18	72866640	72866771	2	CTCF-8
chr18	79415330	79415491	7	CTCF-8
chr19	2600211	2600309	1	CTCF-8
chr19	2600457	2600571	1	CTCF-8
chr19	2736672	2736779	6	CTCF-8
chr19	4183237	4183334	5	CTCF-8
chr19	4183402	4183530	1	CTCF-8
chr19	5669788	5669916	1	CTCF-8
chr19	5670002	5670268	33	CTCF-8
chr19	6373914	6374099	3	CTCF-8
chr19	31646799	31646860	2	CTCF-8
chr19	41744778	41744854	2	CTCF-8
chr20	18832605	18832740	4	CTCF-8
chr20	19207818	19207946	3	CTCF-8
chr20	19208128	19208226	2	CTCF-8
chr20	31333498	31333602	5	CTCF-8
chr20	32541964	32542102	5	CTCF-8
chr20	41769593	41769674	4	CTCF-8
chr20	44711979	44712076	5	CTCF-8
chr20	44712089	44712217	1	CTCF-8
chr20	52114003	52114119	4	CTCF-8
chr20	57413819	57413921	3	CTCF-8
chr20	57414101	57414229	3	CTCF-8
chr21	18716264	18716363	8	CTCF-8
chr21	18716530	18716659	2	CTCF-8
chr21	35446684	35446884	2	CTCF-8
chr22	28797104	28797324	2	CTCF-8
chr22	44610644	44610776	4	CTCF-8
chr22	47419277	47419354	8	CTCF-8
chrX	19012630	19012665	1	CTCF-8
chrX	27874970	27875014	7	CTCF-8
chrX	38101806	38101983	10	CTCF-8
chrX	46848698	46848864	6	CTCF-8
chrX	51255710	51255807	1	CTCF-8
chrX	51255836	51255964	1	CTCF-8
chrX	63546158	63546306	2	CTCF-8
chrX	79449525	79449623	1	CTCF-8
chrX	79449821	79449949	1	CTCF-8
chrX	95427027	95427155	1	CTCF-8
chrX	95427158	95427255	1	CTCF-8
chrX	119881022	119881213	12	CTCF-8
chrX	134956686	134956855	2	CTCF-8
chrX	144343985	144344023	56	CTCF-8
chrX	150209796	150210015	2	CTCF-8
chrX	153953133	153953299	8	CTCF-8
chrX	154073514	154073689	26	CTCF-8
chrUn_GL000220v1	120970	121099	4	CTCF-8
chrUn_JTFH01001973v1_decoy	8	116	1	CTCF-8
chr1	14007032	14007102	2	P12-10B
chr1	23889741	23889838	1	P12-10B
chr1	23890030	23890158	1	P12-10B
chr1	39667199	39667327	2	P12-10B
chr1	39667386	39667483	17	P12-10B
chr1	46221157	46221255	5	P12-10B
chr1	46221382	46221580	2	P12-10B
chr1	46221595	46221723	1	P12-10B
chr1	47294238	47294366	2	P12-10B
chr1	47294532	47294629	5	P12-10B
chr1	47962080	47962177	19	P12-10B
chr1	47992203	47992301	1	P12-10B
chr1	47992303	47992431	1	P12-10B
chr1	55478172	55478380	8	P12-10B
chr1	56777988	56778206	5	P12-10B
chr1	68719862	68719959	1	P12-10B
chr1	68720038	68720167	1	P12-10B
chr1	77212480	77212684	32	P12-10B
chr1	80336211	80336308	1	P12-10B
chr1	80336521	80336649	1	P12-10B
chr1	82341585	82341713	1	P12-10B
chr1	82341732	82341831	3	P12-10B
chr1	95891432	95891529	1	P12-10B
chr1	95891878	95892006	1	P12-10B
chr1	97481853	97481992	2	P12-10B
chr1	113881700	113881763	2	P12-10B
chr1	121458274	121458371	1	P12-10B
chr1	121458396	121458524	1	P12-10B
chr1	121480337	121480465	1	P12-10B
chr1	121480706	121480803	1	P12-10B
chr1	122546776	122546907	13	P12-10B
chr1	123859463	123859512	1	P12-10B
chr1	158480778	158480921	5	P12-10B
chr1	158880511	158880641	3	P12-10B
chr1	158880643	158880746	6	P12-10B
chr1	159910968	159911091	2	P12-10B
chr1	162439782	162439886	4	P12-10B
chr1	170237649	170237777	3	P12-10B
chr1	170237912	170238010	3	P12-10B
chr1	174494545	174494682	2	P12-10B
chr1	174550211	174550320	2	P12-10B
chr1	175975733	175975862	2	P12-10B
chr1	175976032	175976206	6	P12-10B
chr1	176175727	176175834	2	P12-10B
chr1	176842504	176842632	1	P12-10B
chr1	176842797	176842895	1	P12-10B
chr1	180929553	180929651	1	P12-10B
chr1	180929693	180929821	1	P12-10B
chr1	182860387	182860484	2	P12-10B
chr1	182860503	182860631	2	P12-10B
chr1	186742673	186742837	2	P12-10B
chr1	188371606	188371704	2	P12-10B
chr1	188371770	188371968	2	P12-10B
chr1	188717209	188717348	2	P12-10B
chr1	189863802	189863930	5	P12-10B
chr1	190339493	190339653	12	P12-10B
chr1	193118846	193118925	2	P12-10B
chr1	194364221	194364349	1	P12-10B
chr1	194364400	194364497	1	P12-10B
chr1	201493833	201493930	3	P12-10B
chr1	201494122	201494250	1	P12-10B
chr1	218505357	218505607	2	P12-10B
chr1	218505764	218505861	2	P12-10B
chr1	219173960	219174057	1	P12-10B
chr1	219174151	219174281	1	P12-10B
chr1	220252903	220253031	3	P12-10B
chr1	220253041	220253138	4	P12-10B
chr1	225250332	225250430	1	P12-10B
chr1	225250629	225250758	1	P12-10B
chr1	226381236	226381377	2	P12-10B
chr1	240798002	240798300	17	P12-10B
chr2	5319005	5319140	2	P12-10B
chr2	5887166	5887263	1	P12-10B
chr2	5887306	5887435	1	P12-10B
chr2	6709541	6709671	2	P12-10B
chr2	6709985	6710083	2	P12-10B
chr2	8681456	8681590	2	P12-10B
chr2	13368480	13368577	2	P12-10B
chr2	13368732	13368860	2	P12-10B
chr2	22784686	22784783	1	P12-10B
chr2	24967172	24967277	2	P12-10B
chr2	30741471	30741599	1	P12-10B
chr2	30741906	30742003	1	P12-10B
chr2	32325412	32325584	4	P12-10B
chr2	32916229	32916396	5	P12-10B
chr2	32916546	32916611	1	P12-10B
chr2	35490290	35490388	2	P12-10B
chr2	36080735	36080947	2	P12-10B
chr2	38736092	38736497	18	P12-10B
chr2	40040050	40040232	4	P12-10B
chr2	47179920	47180029	11	P12-10B
chr2	47180051	47180207	2	P12-10B
chr2	47180251	47180412	6	P12-10B
chr2	52021485	52021767	11	P12-10B
chr2	52021912	52022040	1	P12-10B
chr2	53716523	53716663	2	P12-10B
chr2	54699809	54699857	1	P12-10B
chr2	57412049	57412146	2	P12-10B
chr2	57412181	57412309	1	P12-10B
chr2	59297635	59297911	12	P12-10B
chr2	66026905	66027095	2	P12-10B
chr2	66027203	66027300	2	P12-10B
chr2	70888355	70888386	12	P12-10B
chr2	70953750	70953854	2	P12-10B
chr2	71208818	71208923	2	P12-10B
chr2	71334146	71334483	8	P12-10B
chr2	77076987	77077056	4	P12-10B
chr2	79119979	79120109	1	P12-10B
chr2	79120138	79120235	1	P12-10B
chr2	80809364	80809492	1	P12-10B
chr2	80809942	80810039	1	P12-10B
chr2	82320647	82320775	1	P12-10B
chr2	82321076	82321173	1	P12-10B
chr2	83295683	83295815	6	P12-10B
chr2	84863807	84864028	10	P12-10B
chr2	93826694	93826736	1	P12-10B
chr2	95206192	95206317	4	P12-10B
chr2	95806374	95806502	1	P12-10B
chr2	96514669	96514729	2	P12-10B
chr2	102330089	102330217	1	P12-10B
chr2	102330531	102330628	1	P12-10B
chr2	102870488	102870585	1	P12-10B
chr2	102870903	102871031	1	P12-10B
chr2	108610258	108610417	2	P12-10B
chr2	108966625	108966753	2	P12-10B
chr2	108966756	108966853	2	P12-10B
chr2	115001876	115002004	1	P12-10B
chr2	115002143	115002239	1	P12-10B
chr2	115689139	115689267	1	P12-10B
chr2	115689298	115689395	1	P12-10B
chr2	117116418	117116546	2	P12-10B
chr2	117116678	117116776	4	P12-10B
chr2	117674523	117674714	2	P12-10B
chr2	119019641	119019770	1	P12-10B
chr2	119020204	119020301	1	P12-10B
chr2	120286481	120286609	1	P12-10B
chr2	120286936	120287033	1	P12-10B
chr2	121673669	121673757	2	P12-10B
chr2	123317631	123317826	2	P12-10B
chr2	123688616	123688687	2	P12-10B
chr2	124673707	124673777	1	P12-10B
chr2	124673973	124674101	1	P12-10B
chr2	134898018	134898061	4	P12-10B
chr2	136210052	136210149	1	P12-10B
chr2	136210328	136210458	1	P12-10B
chr2	150982170	150982269	1	P12-10B
chr2	150982322	150982450	1	P12-10B
chr2	152225819	152225917	1	P12-10B
chr2	152226190	152226318	1	P12-10B
chr2	160192802	160192931	1	P12-10B
chr2	160193036	160193134	1	P12-10B
chr2	161347252	161347381	3	P12-10B
chr2	161347742	161347861	6	P12-10B
chr2	165119273	165119450	4	P12-10B
chr2	165166379	165166497	9	P12-10B
chr2	175724614	175724742	1	P12-10B
chr2	175724802	175724899	3	P12-10B
chr2	189042950	189043128	5	P12-10B
chr2	190533271	190533368	1	P12-10B
chr2	190533610	190533738	1	P12-10B
chr2	191312307	191312492	2	P12-10B
chr2	196780751	196780879	2	P12-10B
chr2	196780917	196781014	2	P12-10B
chr2	200452143	200452286	4	P12-10B
chr2	203237134	203237232	1	P12-10B
chr2	203237393	203237523	1	P12-10B
chr2	204541998	204542112	1	P12-10B
chr2	204542164	204542261	1	P12-10B
chr2	205657810	205657958	2	P12-10B
chr2	213985768	213985896	1	P12-10B
chr2	213985900	213985997	2	P12-10B
chr2	224408740	224408837	1	P12-10B
chr2	224409074	224409202	1	P12-10B
chr2	233038069	233038155	2	P12-10B
chr2	233074977	233075105	4	P12-10B
chr2	237441510	237441667	5	P12-10B
chr3	1221681	1221809	2	P12-10B
chr3	1221943	1222042	2	P12-10B
chr3	3177417	3177555	2	P12-10B
chr3	3812784	3812833	1	P12-10B
chr3	3813364	3813461	1	P12-10B
chr3	5076883	5076981	1	P12-10B
chr3	5077116	5077244	1	P12-10B
chr3	9769275	9769460	2	P12-10B
chr3	13753983	13754055	2	P12-10B
chr3	14103537	14103583	1	P12-10B
chr3	21118231	21118452	4	P12-10B
chr3	21118474	21118600	8	P12-10B
chr3	25784710	25784838	1	P12-10B
chr3	25784883	25784980	1	P12-10B
chr3	26338214	26338319	2	P12-10B
chr3	26338396	26338524	2	P12-10B
chr3	29519958	29520086	1	P12-10B
chr3	29520119	29520216	1	P12-10B
chr3	33111170	33111298	1	P12-10B
chr3	33111393	33111491	1	P12-10B
chr3	37493575	37493782	2	P12-10B
chr3	38069823	38069952	1	P12-10B
chr3	38069987	38070085	1	P12-10B
chr3	41961422	41961492	2	P12-10B
chr3	45426141	45426334	2	P12-10B
chr3	45426339	45426526	6	P12-10B
chr3	52258245	52258363	9	P12-10B
chr3	52258450	52258579	3	P12-10B
chr3	53318629	53318716	2	P12-10B
chr3	66247492	66247580	2	P12-10B
chr3	69608770	69608881	2	P12-10B
chr3	70768248	70768760	49	P12-10B
chr3	71189398	71189461	2	P12-10B
chr3	71691830	71691970	6	P12-10B
chr3	73400712	73400841	1	P12-10B
chr3	73401120	73401217	1	P12-10B
chr3	78117528	78117656	1	P12-10B
chr3	78117866	78117965	1	P12-10B
chr3	79120154	79120242	2	P12-10B
chr3	81435645	81435734	2	P12-10B
chr3	81608307	81608435	1	P12-10B
chr3	81608462	81608562	1	P12-10B
chr3	82218074	82218174	10	P12-10B
chr3	82218226	82218443	4	P12-10B
chr3	83490067	83490165	2	P12-10B
chr3	83490198	83490326	3	P12-10B
chr3	85121182	85121279	33	P12-10B
chr3	85121604	85121733	1	P12-10B
chr3	85706607	85706705	3	P12-10B
chr3	85706770	85706899	3	P12-10B
chr3	88240781	88240950	2	P12-10B
chr3	89229279	89229376	1	P12-10B
chr3	89229436	89229564	1	P12-10B
chr3	89869073	89869170	1	P12-10B
chr3	93470360	93470585	5	P12-10B
chr3	93470613	93470799	12	P12-10B
chr3	101699197	101699304	2	P12-10B
chr3	102218864	102218992	3	P12-10B
chr3	102219021	102219121	3	P12-10B
chr3	102744674	102744802	1	P12-10B
chr3	102744886	102745032	3	P12-10B
chr3	110575910	110576038	2	P12-10B
chr3	113793533	113793661	1	P12-10B
chr3	113793715	113793812	1	P12-10B
chr3	119028127	119028448	15	P12-10B
chr3	119028554	119028682	2	P12-10B
chr3	119384705	119384802	1	P12-10B
chr3	119384965	119385093	1	P12-10B
chr3	120950828	120950877	1	P12-10B
chr3	123510175	123510273	1	P12-10B
chr3	123510494	123510622	1	P12-10B
chr3	142587530	142587628	1	P12-10B
chr3	142587708	142587837	1	P12-10B
chr3	143832735	143832885	5	P12-10B
chr3	148433621	148433837	4	P12-10B
chr3	153346133	153346231	6	P12-10B
chr3	160687512	160687637	2	P12-10B
chr3	168556618	168556719	2	P12-10B
chr3	173052506	173052652	6	P12-10B
chr3	173052722	173052956	2	P12-10B
chr3	176209975	176210060	2	P12-10B
chr3	177122342	177122766	10	P12-10B
chr4	74290	74429	2	P12-10B
chr4	870330	870427	1	P12-10B
chr4	870608	870736	1	P12-10B
chr4	8223372	8223470	11	P12-10B
chr4	8223533	8223662	1	P12-10B
chr4	12664328	12664507	7	P12-10B
chr4	13112975	13113072	1	P12-10B
chr4	13113261	13113390	1	P12-10B
chr4	13540424	13540570	3	P12-10B
chr4	18569639	18569759	2	P12-10B
chr4	26131236	26131420	2	P12-10B
chr4	28485633	28485779	4	P12-10B
chr4	33047250	33047379	6	P12-10B
chr4	33486705	33486802	1	P12-10B
chr4	33486986	33487115	1	P12-10B
chr4	34385302	34385455	2	P12-10B
chr4	34945310	34945382	4	P12-10B
chr4	38845441	38845569	1	P12-10B
chr4	38845665	38845763	1	P12-10B
chr4	45354891	45355062	2	P12-10B
chr4	47616015	47616099	2	P12-10B
chr4	51973338	51973422	4	P12-10B
chr4	52028205	52028238	12	P12-10B
chr4	54596743	54596957	2	P12-10B
chr4	57266543	57266688	4	P12-10B
chr4	61624236	61624364	1	P12-10B
chr4	61624540	61624637	1	P12-10B
chr4	62100650	62100857	2	P12-10B
chr4	64303710	64303922	4	P12-10B
chr4	69737801	69737995	2	P12-10B
chr4	74013074	74013173	3	P12-10B
chr4	74013202	74013331	3	P12-10B
chr4	75360181	75360395	2	P12-10B
chr4	77014779	77014909	3	P12-10B
chr4	77014915	77015013	3	P12-10B
chr4	86485042	86485266	2	P12-10B
chr4	88130226	88130262	2	P12-10B
chr4	105101711	105101809	1	P12-10B
chr4	105101870	105101998	1	P12-10B
chr4	105176140	105176325	3	P12-10B
chr4	108311172	108311281	2	P12-10B
chr4	108651605	108651681	4	P12-10B
chr4	116426081	116426209	2	P12-10B
chr4	123386246	123386374	1	P12-10B
chr4	123386420	123386517	1	P12-10B
chr4	136849460	136849677	2	P12-10B
chr4	137456296	137456424	1	P12-10B
chr4	137456697	137456794	1	P12-10B
chr4	139066208	139066306	4	P12-10B
chr4	139066371	139066502	2	P12-10B
chr4	145808282	145808411	2	P12-10B
chr4	145871454	145871561	2	P12-10B
chr4	148046533	148046702	5	P12-10B
chr4	149964256	149964353	1	P12-10B
chr4	149964497	149964625	2	P12-10B
chr4	150892515	150892675	3	P12-10B
chr4	150892698	150892827	1	P12-10B
chr4	151098714	151098843	1	P12-10B
chr4	151098905	151099166	7	P12-10B
chr4	152114259	152114315	2	P12-10B
chr4	153559968	153560096	1	P12-10B
chr4	153560280	153560377	1	P12-10B
chr4	154444602	154444638	2	P12-10B
chr4	154609916	154610045	1	P12-10B
chr4	154610372	154610478	3	P12-10B
chr4	175394533	175394661	2	P12-10B
chr4	175394741	175394838	3	P12-10B
chr4	187747924	187748038	2	P12-10B
chr5	8862743	8862872	1	P12-10B
chr5	8863070	8863228	5	P12-10B
chr5	10066821	10066949	2	P12-10B
chr5	10067140	10067238	2	P12-10B
chr5	11451700	11451797	1	P12-10B
chr5	11452061	11452189	1	P12-10B
chr5	12338425	12338522	1	P12-10B
chr5	12338860	12338988	1	P12-10B
chr5	20397344	20397472	2	P12-10B
chr5	20397553	20397650	2	P12-10B
chr5	22367897	22368026	1	P12-10B
chr5	22368219	22368316	1	P12-10B
chr5	24893514	24893657	4	P12-10B
chr5	26173352	26173572	2	P12-10B
chr5	28163118	28163297	2	P12-10B
chr5	32364415	32364469	2	P12-10B
chr5	32915814	32915970	4	P12-10B
chr5	36607914	36608015	2	P12-10B
chr5	36683351	36683479	1	P12-10B
chr5	36683609	36683706	1	P12-10B
chr5	38122304	38122404	2	P12-10B
chr5	41342786	41342884	4	P12-10B
chr5	41342922	41343050	2	P12-10B
chr5	41343128	41343328	2	P12-10B
chr5	42727115	42727212	1	P12-10B
chr5	42727231	42727359	1	P12-10B
chr5	50457325	50457454	1	P12-10B
chr5	50483670	50483800	1	P12-10B
chr5	58132374	58132421	6	P12-10B
chr5	58915361	58915490	1	P12-10B
chr5	58915728	58915825	1	P12-10B
chr5	59046233	59046361	1	P12-10B
chr5	59046394	59046519	1	P12-10B
chr5	59046606	59046833	31	P12-10B
chr5	59527525	59527623	3	P12-10B
chr5	59527638	59527826	3	P12-10B
chr5	60566110	60566323	2	P12-10B
chr5	62498877	62499074	3	P12-10B
chr5	62499321	62499419	3	P12-10B
chr5	63339873	63340003	1	P12-10B
chr5	63340156	63340254	1	P12-10B
chr5	63420525	63420607	2	P12-10B
chr5	67927532	67927660	4	P12-10B
chr5	73617312	73617440	1	P12-10B
chr5	73617557	73617654	1	P12-10B
chr5	101041239	101041336	1	P12-10B
chr5	101041663	101041791	1	P12-10B
chr5	113294131	113294228	1	P12-10B
chr5	113294451	113294579	1	P12-10B
chr5	119604353	119604451	1	P12-10B
chr5	125923650	125923778	2	P12-10B
chr5	127205686	127205783	1	P12-10B
chr5	127205785	127205913	1	P12-10B
chr5	140107841	140107969	1	P12-10B
chr5	140108391	140108488	5	P12-10B
chr5	143015093	143015185	2	P12-10B
chr5	144979242	144979802	39	P12-10B
chr5	160770459	160770563	2	P12-10B
chr5	169954211	169954341	1	P12-10B
chr5	169954536	169954633	1	P12-10B
chr5	175000715	175000838	2	P12-10B
chr5	177495221	177495567	4	P12-10B
chr6	20062361	20062479	4	P12-10B
chr6	26601532	26601676	4	P12-10B
chr6	27593827	27594035	4	P12-10B
chr6	37673967	37674041	2	P12-10B
chr6	46056001	46056207	9	P12-10B
chr6	52132501	52132619	2	P12-10B
chr6	58416200	58416312	2	P12-10B
chr6	65067889	65068018	1	P12-10B
chr6	65068218	65068315	1	P12-10B
chr6	67506730	67506789	5	P12-10B
chr6	76679755	76679903	9	P12-10B
chr6	79570221	79570336	2	P12-10B
chr6	80148659	80148756	1	P12-10B
chr6	80148940	80149068	1	P12-10B
chr6	83860253	83860381	1	P12-10B
chr6	83860578	83860675	3	P12-10B
chr6	85676467	85676565	2	P12-10B
chr6	85726451	85726548	1	P12-10B
chr6	85726613	85726742	1	P12-10B
chr6	93128697	93128826	2	P12-10B
chr6	93128896	93128995	2	P12-10B
chr6	109739431	109739528	1	P12-10B
chr6	109739748	109739876	1	P12-10B
chr6	112288868	112288966	2	P12-10B
chr6	112289234	112289485	2	P12-10B
chr6	113409083	113409241	2	P12-10B
chr6	116570510	116570641	2	P12-10B
chr6	135481093	135481250	2	P12-10B
chr6	136988097	136988194	3	P12-10B
chr6	136988201	136988329	1	P12-10B
chr6	142028914	142029128	5	P12-10B
chr6	152953347	152953476	2	P12-10B
chr6	152953526	152953623	1	P12-10B
chr6	162876690	162876871	2	P12-10B
chr7	2920519	2920554	1	P12-10B
chr7	11409083	11409227	2	P12-10B
chr7	14066066	14066163	2	P12-10B
chr7	22140141	22140322	2	P12-10B
chr7	26560745	26560875	3	P12-10B
chr7	26560907	26561004	5	P12-10B
chr7	27629077	27629270	10	P12-10B
chr7	29271025	29271129	2	P12-10B
chr7	29362652	29362910	5	P12-10B
chr7	29362988	29363086	5	P12-10B
chr7	34430283	34430412	2	P12-10B
chr7	34430640	34430738	2	P12-10B
chr7	51507532	51507610	2	P12-10B
chr7	61038531	61038640	2	P12-10B
chr7	61039024	61039121	10	P12-10B
chr7	63381078	63381129	4	P12-10B
chr7	68663059	68663265	4	P12-10B
chr7	70428083	70428303	2	P12-10B
chr7	72798882	72799015	7	P12-10B
chr7	84341412	84341722	41	P12-10B
chr7	84678698	84678809	2	P12-10B
chr7	94047010	94047097	1	P12-10B
chr7	94047369	94047467	1	P12-10B
chr7	98922598	98922630	16	P12-10B
chr7	106067612	106067740	1	P12-10B
chr7	106067786	106067884	1	P12-10B
chr7	106505602	106505768	4	P12-10B
chr7	106505939	106506068	1	P12-10B
chr7	107325993	107326168	2	P12-10B
chr7	111238737	111238834	1	P12-10B
chr7	111238848	111238976	1	P12-10B
chr7	115207319	115207416	1	P12-10B
chr7	115207505	115207638	1	P12-10B
chr7	128935350	128935479	1	P12-10B
chr7	128935556	128935653	1	P12-10B
chr7	136661598	136661840	9	P12-10B
chr7	136661932	136662060	1	P12-10B
chr7	138479241	138479315	2	P12-10B
chr7	148856118	148856246	1	P12-10B
chr7	148856489	148856586	1	P12-10B
chr7	149908923	149909051	1	P12-10B
chr7	153506372	153506503	1	P12-10B
chr7	157571654	157571783	1	P12-10B
chr7	157571904	157572001	1	P12-10B
chr8	2862244	2862341	1	P12-10B
chr8	2912671	2912823	7	P12-10B
chr8	2913209	2913337	1	P12-10B
chr8	6517189	6517343	2	P12-10B
chr8	16630586	16630683	1	P12-10B
chr8	16630963	16631091	1	P12-10B
chr8	22115226	22115354	1	P12-10B
chr8	22115411	22115508	2	P12-10B
chr8	25713112	25713240	1	P12-10B
chr8	25713460	25713558	1	P12-10B
chr8	25898034	25898131	1	P12-10B
chr8	25898215	25898343	2	P12-10B
chr8	36406488	36406616	2	P12-10B
chr8	36406705	36406802	2	P12-10B
chr8	38977467	38977578	2	P12-10B
chr8	40308727	40308877	4	P12-10B
chr8	49376495	49376626	6	P12-10B
chr8	52386893	52387021	1	P12-10B
chr8	52387343	52387440	1	P12-10B
chr8	54851331	54851457	2	P12-10B
chr8	62172634	62172824	2	P12-10B
chr8	63037876	63037999	2	P12-10B
chr8	75161512	75161603	2	P12-10B
chr8	77645042	77645199	17	P12-10B
chr8	78530913	78531091	4	P12-10B
chr8	79093597	79093694	1	P12-10B
chr8	79093990	79094119	1	P12-10B
chr8	85939654	85939851	2	P12-10B
chr8	86375226	86375376	2	P12-10B
chr8	87114078	87114199	4	P12-10B
chr8	90263170	90263348	8	P12-10B
chr8	92902253	92902381	1	P12-10B
chr8	92902474	92902571	1	P12-10B
chr8	97685828	97685925	1	P12-10B
chr8	97686238	97686366	1	P12-10B
chr8	104576569	104576711	4	P12-10B
chr8	107539082	107539210	1	P12-10B
chr8	107539393	107539490	1	P12-10B
chr8	108441950	108442166	2	P12-10B
chr8	112622988	112623062	2	P12-10B
chr8	114229578	114229757	4	P12-10B
chr8	114971023	114971235	6	P12-10B
chr8	117902962	117903115	6	P12-10B
chr8	119759181	119759310	1	P12-10B
chr8	119759349	119759446	1	P12-10B
chr8	125546462	125546779	46	P12-10B
chr8	131765088	131765185	1	P12-10B
chr8	131765266	131765394	1	P12-10B
chr8	131919619	131919825	6	P12-10B
chr8	138491319	138491417	5	P12-10B
chr8	138491424	138491628	5	P12-10B
chr9	2815912	2816009	1	P12-10B
chr9	2816055	2816183	1	P12-10B
chr9	4943157	4943237	2	P12-10B
chr9	6376109	6376235	2	P12-10B
chr9	8169895	8170140	6	P12-10B
chr9	10162559	10162645	2	P12-10B
chr9	11374483	11374612	1	P12-10B
chr9	11374902	11375002	3	P12-10B
chr9	12162751	12162889	2	P12-10B
chr9	12323055	12323215	4	P12-10B
chr9	16900914	16900946	19	P12-10B
chr9	17473258	17473387	1	P12-10B
chr9	17473694	17473792	1	P12-10B
chr9	18503004	18503086	2	P12-10B
chr9	21171711	21171866	2	P12-10B
chr9	21791619	21791728	4	P12-10B
chr9	21791950	21792187	2	P12-10B
chr9	22575357	22575410	2	P12-10B
chr9	25694093	25694192	1	P12-10B
chr9	25694220	25694350	1	P12-10B
chr9	28974172	28974266	2	P12-10B
chr9	29062913	29063069	4	P12-10B
chr9	29661979	29662210	4	P12-10B
chr9	29983158	29983210	2	P12-10B
chr9	30565160	30565288	2	P12-10B
chr9	30565324	30565421	2	P12-10B
chr9	32785113	32785393	24	P12-10B
chr9	32785466	32785595	1	P12-10B
chr9	33710567	33710604	2	P12-10B
chr9	72024626	72024723	1	P12-10B
chr9	72024760	72024888	1	P12-10B
chr9	73476269	73476366	1	P12-10B
chr9	73476424	73476552	1	P12-10B
chr9	74083624	74083752	1	P12-10B
chr9	74083759	74083856	4	P12-10B
chr9	82451296	82451469	2	P12-10B
chr9	82470005	82470103	1	P12-10B
chr9	82470190	82470321	1	P12-10B
chr9	101545722	101545819	1	P12-10B
chr9	101545888	101546016	1	P12-10B
chr9	104229788	104229853	2	P12-10B
chr9	114089278	114089406	1	P12-10B
chr9	114089477	114089680	3	P12-10B
chr9	118098581	118098803	6	P12-10B
chr9	124778537	124778643	8	P12-10B
chr9	130123780	130124005	2	P12-10B
chr10	3993841	3994030	4	P12-10B
chr10	7946499	7946705	2	P12-10B
chr10	15239295	15239498	3	P12-10B
chr10	27736834	27736989	2	P12-10B
chr10	29404255	29404383	1	P12-10B
chr10	29404398	29404495	1	P12-10B
chr10	31104043	31104246	4	P12-10B
chr10	42606281	42606409	1	P12-10B
chr10	42606436	42606533	1	P12-10B
chr10	43730597	43730694	6	P12-10B
chr10	43730737	43730865	1	P12-10B
chr10	43730958	43731083	1	P12-10B
chr10	53137536	53137664	1	P12-10B
chr10	53137918	53138015	1	P12-10B
chr10	55276823	55276936	4	P12-10B
chr10	57739864	57740024	9	P12-10B
chr10	57740054	57740183	1	P12-10B
chr10	57740275	57740403	1	P12-10B
chr10	57948617	57948797	4	P12-10B
chr10	58282439	58282568	2	P12-10B
chr10	58373507	58373645	2	P12-10B
chr10	65652324	65652387	2	P12-10B
chr10	73867777	73867905	1	P12-10B
chr10	73868062	73868159	1	P12-10B
chr10	82956492	82956589	1	P12-10B
chr10	82956597	82956725	1	P12-10B
chr10	90239871	90239969	1	P12-10B
chr10	90240007	90240135	1	P12-10B
chr10	102778012	102778109	1	P12-10B
chr10	102778315	102778446	1	P12-10B
chr10	103492426	103492580	2	P12-10B
chr10	110641214	110641334	2	P12-10B
chr10	113594131	113594259	1	P12-10B
chr10	113594548	113594645	2	P12-10B
chr10	132250664	132250761	2	P12-10B
chr10	132250853	132250981	1	P12-10B
chr10	132251224	132251352	1	P12-10B
chr11	25709711	25709869	7	P12-10B
chr11	29628821	29628949	1	P12-10B
chr11	29629271	29629369	1	P12-10B
chr11	31993328	31993532	2	P12-10B
chr11	32456547	32456585	2	P12-10B
chr11	39258675	39258737	2	P12-10B
chr11	39298549	39298763	4	P12-10B
chr11	39547566	39547661	1	P12-10B
chr11	39548024	39548154	1	P12-10B
chr11	39968572	39968669	2	P12-10B
chr11	39968809	39968937	1	P12-10B
chr11	42128595	42128748	2	P12-10B
chr11	45492162	45492259	2	P12-10B
chr11	45492470	45492598	1	P12-10B
chr11	50237048	50237273	12	P12-10B
chr11	50712576	50712691	4	P12-10B
chr11	59214303	59214478	2	P12-10B
chr11	60081116	60081148	2	P12-10B
chr11	66794215	66794313	3	P12-10B
chr11	66794382	66794510	3	P12-10B
chr11	73307175	73307276	4	P12-10B
chr11	73849801	73849943	6	P12-10B
chr11	77636564	77636740	8	P12-10B
chr11	82007032	82007161	2	P12-10B
chr11	82007359	82007458	2	P12-10B
chr11	99571530	99571649	8	P12-10B
chr11	106021666	106021794	1	P12-10B
chr11	106022110	106022207	1	P12-10B
chr11	108214081	108214210	1	P12-10B
chr11	108214311	108214409	1	P12-10B
chr11	118814419	118814604	9	P12-10B
chr11	118814762	118814890	1	P12-10B
chr12	7434628	7434778	4	P12-10B
chr12	15883600	15883697	3	P12-10B
chr12	15883738	15883919	2	P12-10B
chr12	15884010	15884138	1	P12-10B
chr12	16583887	16584016	3	P12-10B
chr12	16584137	16584236	3	P12-10B
chr12	23219233	23219270	2	P12-10B
chr12	23656936	23657030	4	P12-10B
chr12	29178903	29178997	2	P12-10B
chr12	37670958	37671104	4	P12-10B
chr12	37671326	37671454	1	P12-10B
chr12	39715815	39716039	10	P12-10B
chr12	39896275	39896472	4	P12-10B
chr12	41399377	41399475	1	P12-10B
chr12	41399597	41399726	1	P12-10B
chr12	44642289	44642455	2	P12-10B
chr12	48572117	48572147	6	P12-10B
chr12	64120050	64120147	1	P12-10B
chr12	64120333	64120461	1	P12-10B
chr12	64852512	64852703	2	P12-10B
chr12	73306303	73306453	1	P12-10B
chr12	73306455	73306553	1	P12-10B
chr12	76815437	76815544	9	P12-10B
chr12	76815604	76815821	5	P12-10B
chr12	82703492	82703607	17	P12-10B
chr12	82703755	82703938	24	P12-10B
chr12	83222558	83222722	2	P12-10B
chr12	87662234	87662498	4	P12-10B
chr12	90581150	90581311	2	P12-10B
chr12	96571637	96571771	2	P12-10B
chr12	98527898	98528101	2	P12-10B
chr12	98941272	98941366	4	P12-10B
chr12	101824285	101824417	2	P12-10B
chr12	103271236	103271364	1	P12-10B
chr12	103271562	103271660	1	P12-10B
chr12	121129857	121129967	2	P12-10B
chr12	130882115	130882287	2	P12-10B
chr12	130882755	130882852	3	P12-10B
chr13	20528076	20528206	2	P12-10B
chr13	21796178	21796615	10	P12-10B
chr13	23751831	23752088	4	P12-10B
chr13	24267295	24267581	6	P12-10B
chr13	24267706	24267805	26	P12-10B
chr13	24273021	24273150	2	P12-10B
chr13	24273180	24273277	1	P12-10B
chr13	32914625	32914737	2	P12-10B
chr13	33347926	33348023	1	P12-10B
chr13	33348111	33348239	1	P12-10B
chr13	35209415	35209513	4	P12-10B
chr13	35209545	35209753	4	P12-10B
chr13	37020135	37020360	2	P12-10B
chr13	38998834	38998933	2	P12-10B
chr13	38999101	38999229	2	P12-10B
chr13	40753412	40753554	3	P12-10B
chr13	41015409	41015507	1	P12-10B
chr13	41015588	41015716	1	P12-10B
chr13	45442776	45442905	1	P12-10B
chr13	45443010	45443107	1	P12-10B
chr13	51953113	51953157	4	P12-10B
chr13	53496106	53496209	4	P12-10B
chr13	56455490	56455619	1	P12-10B
chr13	56455692	56455790	1	P12-10B
chr13	57438887	57439060	6	P12-10B
chr13	60078220	60078302	2	P12-10B
chr13	61228665	61228763	1	P12-10B
chr13	61228878	61229006	1	P12-10B
chr13	62793094	62793191	1	P12-10B
chr13	64092345	64092494	2	P12-10B
chr13	64469826	64469925	1	P12-10B
chr13	64469934	64470062	1	P12-10B
chr13	74364699	74364827	1	P12-10B
chr13	74365227	74365325	1	P12-10B
chr13	74729719	74729893	2	P12-10B
chr13	75267227	75267325	1	P12-10B
chr13	75267375	75267503	1	P12-10B
chr13	78655635	78655723	2	P12-10B
chr13	80466427	80466622	5	P12-10B
chr13	80899280	80899377	5	P12-10B
chr13	80899450	80899746	3	P12-10B
chr13	83402885	83403017	1	P12-10B
chr13	83403297	83403394	1	P12-10B
chr13	86076747	86076838	2	P12-10B
chr13	88175151	88175364	3	P12-10B
chr13	91352439	91352604	2	P12-10B
chr13	93611486	93611583	1	P12-10B
chr13	93611651	93611779	2	P12-10B
chr13	98933473	98933561	2	P12-10B
chr13	99499509	99499609	2	P12-10B
chr13	100630233	100630441	5	P12-10B
chr13	101162650	101162766	2	P12-10B
chr13	108218780	108218952	2	P12-10B
chr13	108355123	108355221	1	P12-10B
chr14	20666816	20666939	2	P12-10B
chr14	24669843	24670022	2	P12-10B
chr14	26672446	26672503	2	P12-10B
chr14	30235597	30235793	2	P12-10B
chr14	32156113	32156262	4	P12-10B
chr14	33544809	33544907	2	P12-10B
chr14	33545142	33545270	2	P12-10B
chr14	38146272	38146369	1	P12-10B
chr14	38146508	38146636	1	P12-10B
chr14	40671898	40671977	2	P12-10B
chr14	44568800	44568928	1	P12-10B
chr14	44569379	44569477	1	P12-10B
chr14	45727387	45727598	9	P12-10B
chr14	47241947	47242062	4	P12-10B
chr14	47277751	47277916	2	P12-10B
chr14	47541625	47541730	2	P12-10B
chr14	48023765	48023862	1	P12-10B
chr14	48024023	48024151	1	P12-10B
chr14	50624178	50624225	6	P12-10B
chr14	50631593	50631659	2	P12-10B
chr14	59245900	59245995	2	P12-10B
chr14	66761824	66762050	5	P12-10B
chr14	70945929	70946156	5	P12-10B
chr14	71324354	71324459	2	P12-10B
chr14	73141659	73141830	2	P12-10B
chr14	78493949	78494077	2	P12-10B
chr14	78494093	78494190	2	P12-10B
chr14	80932848	80932974	6	P12-10B
chr14	85857701	85857754	40	P12-10B
chr14	94555842	94555983	2	P12-10B
chr14	97810250	97810347	1	P12-10B
chr14	97810465	97810593	1	P12-10B
chr14	104254715	104254929	2	P12-10B
chr15	19797122	19797251	2	P12-10B
chr15	26734966	26735126	4	P12-10B
chr15	36616573	36616721	2	P12-10B
chr15	36904711	36904839	1	P12-10B
chr15	36905025	36905122	1	P12-10B
chr15	37231151	37231279	1	P12-10B
chr15	37231337	37231435	1	P12-10B
chr15	37799120	37799276	2	P12-10B
chr15	38069894	38070072	2	P12-10B
chr15	44097642	44097740	1	P12-10B
chr15	44097750	44097878	1	P12-10B
chr15	46685942	46686130	6	P12-10B
chr15	54215501	54215666	2	P12-10B
chr15	55711307	55711457	6	P12-10B
chr15	56217705	56217980	6	P12-10B
chr15	60788487	60788585	4	P12-10B
chr15	65544819	65544939	2	P12-10B
chr15	70280209	70280316	99	P12-10B
chr15	71700080	71700178	1	P12-10B
chr15	71700182	71700310	1	P12-10B
chr15	72223000	72223130	1	P12-10B
chr15	72223271	72223369	1	P12-10B
chr15	74389912	74390009	1	P12-10B
chr15	74390027	74390155	1	P12-10B
chr15	77418455	77418554	2	P12-10B
chr15	77418608	77418736	2	P12-10B
chr15	77954886	77954983	1	P12-10B
chr15	80354909	80355007	2	P12-10B
chr15	80355210	80355339	1	P12-10B
chr15	86737735	86737831	3	P12-10B
chr15	86737845	86737973	3	P12-10B
chr15	94376881	94377009	1	P12-10B
chr15	94377179	94377276	1	P12-10B
chr16	6399600	6399729	1	P12-10B
chr16	6399751	6399848	1	P12-10B
chr16	10948556	10948676	4	P12-10B
chr16	11192306	11192479	2	P12-10B
chr16	20425346	20425474	1	P12-10B
chr16	20425690	20425787	1	P12-10B
chr16	23505729	23505782	2	P12-10B
chr16	24205045	24205106	1	P12-10B
chr16	25417665	25417724	1	P12-10B
chr16	34090480	34090586	2	P12-10B
chr16	50340564	50340693	1	P12-10B
chr16	50340979	50341076	1	P12-10B
chr16	57246733	57246773	1	P12-10B
chr16	59458145	59458273	2	P12-10B
chr16	60009841	60009971	4	P12-10B
chr16	62113422	62113551	1	P12-10B
chr16	62113613	62113921	19	P12-10B
chr16	63557623	63557689	2	P12-10B
chr16	66557871	66557969	1	P12-10B
chr16	66557980	66558109	1	P12-10B
chr16	82053471	82053599	2	P12-10B
chr16	82053719	82053889	4	P12-10B
chr16	84078854	84078928	2	P12-10B
chr16	88478653	88478781	3	P12-10B
chr16	88478881	88479020	10	P12-10B
chr17	1246500	1246541	1	P12-10B
chr17	10145095	10145279	16	P12-10B
chr17	10145421	10145632	2	P12-10B
chr17	13746554	13746598	2	P12-10B
chr17	26985645	26985773	3	P12-10B
chr17	31197816	31198162	11	P12-10B
chr17	31198229	31198357	1	P12-10B
chr17	52579122	52579281	2	P12-10B
chr17	54935450	54935578	2	P12-10B
chr17	55635066	55635163	2	P12-10B
chr17	55635190	55635318	2	P12-10B
chr17	56482968	56483096	1	P12-10B
chr17	56483310	56483597	12	P12-10B
chr17	65055114	65055213	3	P12-10B
chr17	65055259	65055387	3	P12-10B
chr17	68917967	68918075	2	P12-10B
chr17	73780672	73780800	1	P12-10B
chr17	73780828	73780925	1	P12-10B
chr18	2956725	2956822	1	P12-10B
chr18	2956851	2956980	1	P12-10B
chr18	8283473	8283649	3	P12-10B
chr18	8283746	8283956	13	P12-10B
chr18	21786839	21786936	2	P12-10B
chr18	21787167	21787295	2	P12-10B
chr18	29751315	29751408	2	P12-10B
chr18	38255153	38255251	1	P12-10B
chr18	38255530	38255658	1	P12-10B
chr18	39634513	39634710	4	P12-10B
chr18	44911760	44911888	1	P12-10B
chr18	44911950	44912164	6	P12-10B
chr18	44984088	44984253	2	P12-10B
chr18	49467616	49467840	2	P12-10B
chr18	53391710	53391933	2	P12-10B
chr18	60866434	60866562	1	P12-10B
chr18	60866813	60866966	5	P12-10B
chr18	62584609	62584706	1	P12-10B
chr18	72339368	72339562	2	P12-10B
chr19	18000260	18000399	5	P12-10B
chr19	19282997	19283095	2	P12-10B
chr19	19283284	19283413	3	P12-10B
chr19	27269759	27269828	2	P12-10B
chr19	27689160	27689207	2	P12-10B
chr19	29408806	29408923	2	P12-10B
chr19	30779636	30779703	2	P12-10B
chr19	33171373	33171574	6	P12-10B
chr19	53449845	53449895	2	P12-10B
chr20	5184621	5184750	2	P12-10B
chr20	5184793	5184891	2	P12-10B
chr20	6891488	6891600	2	P12-10B
chr20	7102583	7102642	2	P12-10B
chr20	7344018	7344115	1	P12-10B
chr20	7344211	7344339	1	P12-10B
chr20	10003058	10003155	2	P12-10B
chr20	10003177	10003305	1	P12-10B
chr20	11118241	11118457	2	P12-10B
chr20	12308005	12308133	2	P12-10B
chr20	12308207	12308305	2	P12-10B
chr20	17367034	17367152	3	P12-10B
chr20	23469190	23469332	2	P12-10B
chr20	25617999	25618165	2	P12-10B
chr20	26163680	26163867	2	P12-10B
chr20	28611629	28611772	6	P12-10B
chr20	28796332	28796454	4	P12-10B
chr20	30813010	30813191	2	P12-10B
chr20	30934329	30934462	1	P12-10B
chr20	37512571	37512768	2	P12-10B
chr20	38540198	38540327	1	P12-10B
chr20	38540470	38540567	1	P12-10B
chr20	46297920	46298050	2	P12-10B
chr20	47127331	47127521	4	P12-10B
chr20	49075046	49075143	1	P12-10B
chr20	49075318	49075446	1	P12-10B
chr20	54309487	54309615	2	P12-10B
chr20	54309682	54309780	2	P12-10B
chr21	14234360	14234485	2	P12-10B
chr21	14243183	14243387	2	P12-10B
chr21	18671761	18671838	4	P12-10B
chr21	21002264	21002361	1	P12-10B
chr21	21002368	21002497	1	P12-10B
chr21	22904761	22904880	4	P12-10B
chr21	23593098	23593226	1	P12-10B
chr21	23593280	23593377	1	P12-10B
chr21	25577512	25577615	4	P12-10B
chr21	25776891	25777020	4	P12-10B
chr21	25777033	25777132	4	P12-10B
chr21	35446684	35446884	2	P12-10B
chr21	36257299	36257675	18	P12-10B
chr21	40560079	40560234	2	P12-10B
chr21	41877510	41877638	1	P12-10B
chr21	41877751	41877892	3	P12-10B
chr21	43682086	43682214	2	P12-10B
chr21	43682318	43682415	2	P12-10B
chr22	11213521	11213644	6	P12-10B
chr22	11213961	11214085	1	P12-10B
chr22	19184723	19184820	1	P12-10B
chr22	19184892	19185020	1	P12-10B
chr22	32662542	32662692	2	P12-10B
chr22	36366654	36366752	2	P12-10B
chr22	36366832	36366960	2	P12-10B
chrX	5257248	5257376	1	P12-10B
chrX	5257734	5257831	1	P12-10B
chrX	11125421	11125519	1	P12-10B
chrX	11125617	11125746	1	P12-10B
chrX	13222302	13222399	3	P12-10B
chrX	13222468	13222597	3	P12-10B
chrX	14658828	14658991	2	P12-10B
chrX	14659022	14659122	2	P12-10B
chrX	24398515	24398830	6	P12-10B
chrX	25256592	25256731	6	P12-10B
chrX	26222623	26222832	11	P12-10B
chrX	26222981	26223109	1	P12-10B
chrX	31352265	31352370	2	P12-10B
chrX	35720292	35720390	1	P12-10B
chrX	35720690	35720818	1	P12-10B
chrX	38808430	38808558	1	P12-10B
chrX	38808761	38808860	1	P12-10B
chrX	39616551	39616650	2	P12-10B
chrX	39616832	39616960	2	P12-10B
chrX	40353838	40353960	2	P12-10B
chrX	56762143	56762299	4	P12-10B
chrX	57969546	57969644	2	P12-10B
chrX	62697653	62697751	1	P12-10B
chrX	62697757	62697885	3	P12-10B
chrX	63960102	63960201	4	P12-10B
chrX	64200300	64200451	2	P12-10B
chrX	82251078	82251176	1	P12-10B
chrX	82251334	82251462	1	P12-10B
chrX	84497914	84498042	1	P12-10B
chrX	84498303	84498451	7	P12-10B
chrX	90314236	90314334	1	P12-10B
chrX	95750334	95750405	2	P12-10B
chrX	95919387	95919485	1	P12-10B
chrX	95919547	95919675	1	P12-10B
chrX	97379596	97379629	17	P12-10B
chrX	104026790	104026919	16	P12-10B
chrX	106321918	106322066	2	P12-10B
chrX	116026191	116026344	2	P12-10B
chrX	145796896	145796950	2	P12-10B
chrX	154806870	154806968	1	P12-10B
chrX	154807157	154807285	1	P12-10B
chrX	155258248	155258338	2	P12-10B
chrX	155950338	155950435	1	P12-10B
chrX	155950448	155950576	1	P12-10B
chr4_GL000008v2_random	253	381	3	P12-10B
chr4_GL000008v2_random	1240	1360	3	P12-10B
chr22_KI270736v1_random	179450	179547	2	P12-10B
chr22_KI270738v1_random	50067	50119	1	P12-10B
chrUn_KI270435v1	11623	11721	2	P12-10B
chrUn_KI270538v1	89800	89928	8	P12-10B
chrUn_KI270751v1	143538	143665	1	P12-10B
chr2_KI270775v1_alt	33455	33584	1	P12-10B
chr2_KI270775v1_alt	33705	33990	22	P12-10B
chrUn_KN707896v1_decoy	19940	20069	1	P12-10B
chrUn_KN707896v1_decoy	21132	21236	10	P12-10B
chrUn_KN707896v1_decoy	30261	30359	10	P12-10B
chrUn_KN707971v1_decoy	1528	1576	1	P12-10B
chrUn_JTFH01000026v1_decoy	6334	6466	25	P12-10B
chrUn_JTFH01001387v1_decoy	1620	1734	2	P12-10B
chrUn_JTFH01001785v1_decoy	3243	3341	5	P12-10B
chrUn_JTFH01001785v1_decoy	3938	4066	1	P12-10B
chrUn_JTFH01001883v1_decoy	348	536	4	P12-10B
chrUn_JTFH01001929v1_decoy	588	686	1	P12-10B
chr1	54458803	54458901	17	P12-14
chr1	62047930	62047992	2	P12-14
chr1	151394169	151394220	1	P12-14
chr1	153000571	153000601	1	P12-14
chr1	189992194	189992247	1	P12-14
chr1	224128228	224128268	1	P12-14
chr2	160286303	160286338	1	P12-14
chr2	219600035	219600080	1	P12-14
chr3	12642292	12642338	1	P12-14
chr3	27365576	27365630	1	P12-14
chr3	76580317	76580361	1	P12-14
chr3	156112108	156112147	1	P12-14
chr3	180043838	180043868	1	P12-14
chr3	185860220	185860258	1	P12-14
chr4	2454582	2454627	1	P12-14
chr4	7470363	7470398	1	P12-14
chr4	19077839	19077907	1	P12-14
chr4	32742688	32742733	1	P12-14
chr4	71006104	71006149	1	P12-14
chr4	90675684	90675739	1	P12-14
chr4	108367366	108367399	1	P12-14
chr4	148094714	148094761	1	P12-14
chr4	150841624	150841658	1	P12-14
chr4	185347154	185347215	8	P12-14
chr5	7068386	7068446	5	P12-14
chr5	29573373	29573440	15	P12-14
chr5	163654917	163654950	1	P12-14
chr5	177495221	177495349	1	P12-14
chr5	177495470	177495567	1	P12-14
chr6	28506022	28506086	11	P12-14
chr6	34067338	34067368	1	P12-14
chr6	70474832	70474958	11	P12-14
chr6	74618122	74618207	650	P12-14
chr6	87169026	87169057	1	P12-14
chr6	159080951	159080998	1	P12-14
chr6	160100738	160100809	1	P12-14
chr7	14733770	14733801	1	P12-14
chr7	48345138	48345271	17	P12-14
chr7	78156813	78156858	1	P12-14
chr7	107770153	107770269	1	P12-14
chr7	118703761	118703820	1	P12-14
chr8	20907863	20907936	2	P12-14
chr8	83923386	83923436	1	P12-14
chr8	111156000	111156061	1	P12-14
chr8	133587225	133587267	1	P12-14
chr8	134459534	134459579	1	P12-14
chr9	14236850	14236880	1	P12-14
chr10	115177890	115177937	1	P12-14
chr11	9642862	9642894	1	P12-14
chr11	90177568	90177624	1	P12-14
chr11	115958200	115958230	1	P12-14
chr12	18969384	18969414	1	P12-14
chr13	59945697	59945826	11	P12-14
chr14	47595531	47595571	1	P12-14
chr14	95354374	95354404	1	P12-14
chr14	103620539	103620579	1	P12-14
chr15	40077505	40077596	11	P12-14
chr16	48884152	48884279	449	P12-14
chr16	64439056	64439094	1	P12-14
chr16	81086162	81086231	1	P12-14
chr18	60866869	60866966	2	P12-14
chr19	4372610	4372647	381	P12-14
chrX	1737426	1737475	1	P12-14
chrX	18518376	18518420	1	P12-14
chrX	144341561	144341613	1	P12-14
chrY	7295685	7295721	1	P12-14
chrY	15882971	15883033	3	P12-14
chr6_GL000253v2_alt	1212995	1213064	1	P12-14
chr1	44951639	44951746	4	P12-5
chr1	115977772	115977883	7	P12-5
chr1	143266414	143266500	1	P12-5
chr1	145970888	145970935	1	P12-5
chr1	161459307	161459359	1	P12-5
chr1	169655335	169655538	7	P12-5
chr1	189434269	189434335	4	P12-5
chr1	191304325	191304406	8	P12-5
chr1	192513528	192513596	8	P12-5
chr2	29731771	29731963	2	P12-5
chr2	32916232	32916343	6	P12-5
chr2	32916404	32916605	7	P12-5
chr2	44278988	44279018	1	P12-5
chr2	56531068	56531249	2	P12-5
chr2	79526928	79527045	2	P12-5
chr2	85845719	85845861	4	P12-5
chr2	89805158	89805210	5	P12-5
chr2	107360364	107360425	2	P12-5
chr2	127496069	127496191	4	P12-5
chr3	7853811	7853931	8	P12-5
chr3	37178157	37178222	6	P12-5
chr3	88631279	88631309	51	P12-5
chr3	140059621	140059727	2	P12-5
chr3	140059795	140059924	3	P12-5
chr3	156303724	156303852	2	P12-5
chr3	156303870	156303968	2	P12-5
chr3	164099704	164099750	40	P12-5
chr4	15489086	15489204	4	P12-5
chr4	52194649	52194794	7	P12-5
chr4	65448324	65448357	1	P12-5
chr4	97724678	97724778	41	P12-5
chr5	35132052	35132208	2	P12-5
chr5	52985032	52985087	8	P12-5
chr5	53255656	53255736	5	P12-5
chr5	61527151	61527196	59	P12-5
chr5	86419855	86419937	2	P12-5
chr5	86420140	86420268	2	P12-5
chr5	132528346	132528385	23	P12-5
chr5	133968913	133968982	2	P12-5
chr5	143181913	143182035	7	P12-5
chr5	171850432	171850498	2	P12-5
chr5	180737568	180737682	3	P12-5
chr6	8617946	8618134	2	P12-5
chr6	75620740	75620815	6	P12-5
chr6	140675882	140675954	8	P12-5
chr6	150030398	150030483	4	P12-5
chr7	30212956	30213055	5	P12-5
chr7	30213109	30213238	4	P12-5
chr7	42519417	42519514	1	P12-5
chr7	42519620	42519748	1	P12-5
chr7	62692866	62692994	2	P12-5
chr7	62693575	62693672	2	P12-5
chr7	89851092	89851159	7	P12-5
chr7	98754928	98754960	1	P12-5
chr8	5592721	5592789	6	P12-5
chr8	133574388	133574434	2	P12-5
chr9	25145940	25146006	2	P12-5
chr9	37583081	37583209	2	P12-5
chr9	37583345	37583444	2	P12-5
chr9	113565446	113565479	65	P12-5
chr9	116981038	116981168	1	P12-5
chr9	116981267	116981364	1	P12-5
chr11	25739678	25739775	1	P12-5
chr11	25740057	25740185	1	P12-5
chr11	56910706	56910803	3	P12-5
chr11	56910834	56910962	2	P12-5
chr11	75899751	75899790	117	P12-5
chr11	83887020	83887119	141	P12-5
chr12	13668985	13669183	3	P12-5
chr12	41277611	41277765	10	P12-5
chr12	47179134	47179170	383	P12-5
chr12	106318885	106318920	1	P12-5
chr13	50126309	50126480	8	P12-5
chr13	68643565	68643694	5	P12-5
chr13	97359614	97359759	6	P12-5
chr13	97371766	97371863	6	P12-5
chr13	105477696	105477749	13	P12-5
chr14	29810321	29810544	6	P12-5
chr14	34126533	34126682	7	P12-5
chr14	105051256	105051396	4	P12-5
chr15	33859647	33859831	5	P12-5
chr15	87697175	87697398	38	P12-5
chr15	98323744	98323863	5	P12-5
chr16	11207142	11207336	6	P12-5
chr18	14650639	14650757	6	P12-5
chr18	22282276	22282404	1	P12-5
chr18	22282658	22282755	1	P12-5
chr18	44362175	44362252	6	P12-5
chr18	72742969	72743153	2	P12-5
chr19	1638036	1638114	2	P12-5
chr19	23228249	23228377	14	P12-5
chr19	23228401	23228500	3	P12-5
chr19	32694202	32694325	2	P12-5
chr20	29671950	29672048	5	P12-5
chr20	30184313	30184438	3	P12-5
chr21	14048947	14049119	5	P12-5
chr21	42453688	42453724	249	P12-5
chr22	23136033	23136094	4	P12-5
chrX	50667680	50667787	2	P12-5
chrX	54986275	54986299	1	P12-5
chrX	83887868	83887970	8	P12-5
chrX	95514203	95514332	1	P12-5
chrX	95514483	95514580	1	P12-5
chrX	125444004	125444104	34	P12-5
chrX	131815468	131815609	4	P12-5
chr17_KI270729v1_random	1900	1964	2	P12-5
chrUn_KN707896v1_decoy	9632	9749	7	P12-5
chrUn_JTFH01000033v1_decoy	2604	2732	1	P12-5
chrUn_JTFH01000033v1_decoy	2838	2936	1	P12-5
chr1	4574447	4574627	2	P12-8
chr1	48170934	48171063	1	P12-8
chr1	48171064	48171163	1	P12-8
chr1	55103854	55103951	1	P12-8
chr1	55104016	55104144	1	P12-8
chr1	81578680	81578856	5	P12-8
chr1	93964101	93964196	53	P12-8
chr1	104163678	104163783	3	P12-8
chr1	122931145	122931242	8	P12-8
chr1	124144770	124144898	1	P12-8
chr1	124181093	124181221	1	P12-8
chr1	124565717	124565849	2	P12-8
chr1	145570319	145570352	1	P12-8
chr1	159880165	159880271	2	P12-8
chr1	163854343	163854490	1	P12-8
chr1	163854644	163854686	1	P12-8
chr1	189088258	189088386	1	P12-8
chr1	189088517	189088614	1	P12-8
chr1	200221285	200221608	237	P12-8
chr1	202008714	202008745	1	P12-8
chr1	223162839	223162957	2	P12-8
chr2	32916440	32916578	3	P12-8
chr2	33602332	33602460	1	P12-8
chr2	33602501	33602599	2	P12-8
chr2	36727037	36727232	3	P12-8
chr2	69218470	69218608	6	P12-8
chr2	73989520	73989625	4	P12-8
chr2	76487967	76488058	2	P12-8
chr2	80864865	80865066	4	P12-8
chr2	112818392	112818546	5	P12-8
chr2	118158118	118158311	2	P12-8
chr2	125619984	125620201	4	P12-8
chr2	134502730	134502827	1	P12-8
chr2	134502961	134503090	1	P12-8
chr2	142289573	142289713	2	P12-8
chr2	201861533	201861580	1	P12-8
chr2	204765988	204766034	13	P12-8
chr3	53641795	53641893	7	P12-8
chr3	86577016	86577227	38	P12-8
chr3	93887346	93887443	1	P12-8
chr3	93887524	93887653	1	P12-8
chr3	96588714	96588811	1	P12-8
chr3	96588912	96589041	1	P12-8
chr3	101692130	101692237	5	P12-8
chr3	121469256	121469357	5	P12-8
chr3	123655405	123655621	2	P12-8
chr3	165467547	165467621	2	P12-8
chr4	20305154	20305326	10	P12-8
chr4	36740179	36740285	4	P12-8
chr4	40681868	40682010	2	P12-8
chr4	48552363	48552492	1	P12-8
chr4	48552655	48552752	1	P12-8
chr4	56984197	56984396	2	P12-8
chr4	61199845	61200001	6	P12-8
chr4	84845212	84845374	2	P12-8
chr4	106229866	106229994	1	P12-8
chr4	106230123	106230221	1	P12-8
chr4	112292622	112292778	5	P12-8
chr4	115378314	115378521	2	P12-8
chr4	128450785	128450913	1	P12-8
chr4	128451021	128451118	1	P12-8
chr4	138183329	138183457	1	P12-8
chr4	138183498	138183598	351	P12-8
chr4	141227545	141227673	1	P12-8
chr4	141227748	141227846	1	P12-8
chr4	144663334	144663463	2	P12-8
chr4	144663477	144663576	4	P12-8
chr4	179504668	179504831	23	P12-8
chr4	179957547	179957586	68	P12-8
chr4	184049123	184049161	168	P12-8
chr5	1676999	1677096	1	P12-8
chr5	1677183	1677311	1	P12-8
chr5	8715226	8715434	2	P12-8
chr5	20616524	20616700	4	P12-8
chr5	32125551	32125652	2	P12-8
chr5	40983770	40983819	7	P12-8
chr5	55646287	55646415	1	P12-8
chr5	55646572	55646670	1	P12-8
chr5	56534321	56534426	28	P12-8
chr5	92608268	92608481	2	P12-8
chr5	110433759	110433804	2	P12-8
chr5	113665333	113665517	2	P12-8
chr5	157735702	157735787	2	P12-8
chr5	175239659	175239727	2	P12-8
chr5	177127309	177127406	1	P12-8
chr5	177127659	177127784	1	P12-8
chr6	5365493	5365532	1	P12-8
chr6	19919713	19919796	4	P12-8
chr6	24927484	24927638	8	P12-8
chr6	27806003	27806116	7	P12-8
chr6	47853546	47853642	8	P12-8
chr6	49140406	49140583	7	P12-8
chr6	77105239	77105374	2	P12-8
chr6	87563451	87563548	1	P12-8
chr6	87563743	87563871	1	P12-8
chr6	113943824	113943932	2	P12-8
chr6	169644988	169645050	1	P12-8
chr7	15127791	15127920	1	P12-8
chr7	15128062	15128159	1	P12-8
chr7	17089507	17089635	1	P12-8
chr7	17089817	17089914	1	P12-8
chr7	39617382	39617427	1	P12-8
chr7	44557967	44558120	2	P12-8
chr7	44986762	44986890	5	P12-8
chr7	56086859	56087015	4	P12-8
chr7	57183532	57183721	4	P12-8
chr7	61963457	61963496	2	P12-8
chr7	79289872	79289902	1	P12-8
chr7	80083452	80083580	1	P12-8
chr7	80083610	80083707	1	P12-8
chr7	83367659	83367779	22	P12-8
chr7	90840472	90840616	7	P12-8
chr7	125946006	125946136	1	P12-8
chr7	125946285	125946382	1	P12-8
chr7	149102494	149102672	2	P12-8
chr7	155356494	155356541	2	P12-8
chr8	3242974	3243102	1	P12-8
chr8	3243197	3243294	1	P12-8
chr8	20274322	20274532	243	P12-8
chr8	28305657	28305746	2	P12-8
chr8	33638649	33638853	4	P12-8
chr8	33638858	33638957	10	P12-8
chr8	43478094	43478192	2	P12-8
chr8	48824363	48824491	1	P12-8
chr8	48824524	48824621	1	P12-8
chr8	69736098	69736196	3	P12-8
chr8	69736220	69736348	3	P12-8
chr8	70191393	70191490	1	P12-8
chr8	70191613	70191741	1	P12-8
chr8	90625724	90625853	2	P12-8
chr8	90625889	90625988	2	P12-8
chr8	91496874	91496975	9	P12-8
chr8	95072779	95072931	2	P12-8
chr8	132606412	132606467	2	P12-8
chr9	9029321	9029422	4	P12-8
chr9	10728401	10728480	2	P12-8
chr9	13425253	13425283	1	P12-8
chr9	16865264	16865327	5	P12-8
chr9	19054901	19054998	2	P12-8
chr9	41032081	41032125	43	P12-8
chr9	81130800	81130928	5	P12-8
chr9	81130931	81131035	4	P12-8
chr9	107837441	107837609	4	P12-8
chr10	4841564	4841692	1	P12-8
chr10	4841697	4841794	1	P12-8
chr10	35137483	35137581	1	P12-8
chr10	35137685	35137814	1	P12-8
chr10	39334277	39334388	48	P12-8
chr10	41875375	41875463	1	P12-8
chr10	47189050	47189178	2	P12-8
chr10	47189228	47189325	2	P12-8
chr10	66046058	66046177	4	P12-8
chr10	70924144	70924370	6	P12-8
chr10	74545674	74545771	2	P12-8
chr10	83186628	83186777	7	P12-8
chr10	94592878	94593006	1	P12-8
chr10	94593187	94593285	1	P12-8
chr10	94875639	94875855	6	P12-8
chr10	98826417	98826506	6	P12-8
chr11	18720559	18720688	1	P12-8
chr11	18720702	18720799	1	P12-8
chr11	27392682	27392810	1	P12-8
chr11	27392928	27393026	1	P12-8
chr11	79587088	79587216	1	P12-8
chr11	79587257	79587354	1	P12-8
chr11	86192407	86192446	12	P12-8
chr11	93484424	93484521	2	P12-8
chr11	99532674	99532707	77	P12-8
chr11	110826341	110826439	1	P12-8
chr11	110826529	110826658	1	P12-8
chr11	118217633	118217702	5	P12-8
chr11	132436434	132436531	1	P12-8
chr11	132436558	132436686	1	P12-8
chr12	6036842	6036882	118	P12-8
chr12	23786523	23786830	78	P12-8
chr12	38273039	38273122	2	P12-8
chr12	43162850	43162978	14	P12-8
chr12	43163158	43163286	1	P12-8
chr12	53584713	53584789	2	P12-8
chr12	62637615	62637799	29	P12-8
chr12	78866569	78866624	2	P12-8
chr12	103100834	103100933	11	P12-8
chr12	103472613	103472706	6	P12-8
chr12	112074393	112074596	2	P12-8
chr13	30666017	30666140	1	P12-8
chr13	30666220	30666317	1	P12-8
chr13	33830775	33830881	5	P12-8
chr13	35888211	35888339	1	P12-8
chr13	35888361	35888458	95	P12-8
chr13	47099449	47099529	5	P12-8
chr13	47368795	47368892	2	P12-8
chr13	55037437	55037546	4	P12-8
chr13	59187306	59187517	7	P12-8
chr13	77222785	77222918	7	P12-8
chr13	82643786	82643883	1	P12-8
chr13	82644053	82644181	1	P12-8
chr13	83563081	83563361	6	P12-8
chr14	30813199	30813296	1	P12-8
chr14	30813381	30813510	1	P12-8
chr14	36577536	36577664	1	P12-8
chr14	36577880	36577977	169	P12-8
chr14	46698190	46698349	2	P12-8
chr14	55299986	55300200	4	P12-8
chr14	68302161	68302356	6	P12-8
chr14	80555460	80555573	4	P12-8
chr14	87980173	87980301	1	P12-8
chr14	87980370	87980467	2	P12-8
chr14	91970418	91970449	1	P12-8
chr15	47062226	47062431	5	P12-8
chr15	47119857	47119954	2	P12-8
chr15	47120035	47120163	1	P12-8
chr15	50902857	50902954	1	P12-8
chr15	50902972	50903100	1	P12-8
chr15	65841179	65841323	2	P12-8
chr16	17963725	17963803	2	P12-8
chr16	46510001	46510129	3	P12-8
chr17	13699159	13699315	2	P12-8
chr17	56133160	56133341	2	P12-8
chr17	76233714	76233827	6	P12-8
chr17	76306175	76306209	1	P12-8
chr17	79802073	79802107	69	P12-8
chr17	80152190	80152374	6	P12-8
chr17	82235011	82235165	2	P12-8
chr18	12798143	12798262	3	P12-8
chr18	27158265	27158393	1	P12-8
chr18	29095145	29095348	4	P12-8
chr18	32853420	32853599	2	P12-8
chr18	42261819	42261914	2	P12-8
chr18	59933719	59933775	3	P12-8
chr19	38033958	38034150	2	P12-8
chr19	48151402	48151432	79	P12-8
chr19	49570121	49570320	2	P12-8
chr19	55724124	55724296	7	P12-8
chr20	7122798	7122958	2	P12-8
chr20	18572580	18572677	2	P12-8
chr20	18572704	18572834	2	P12-8
chr20	45317692	45317938	14	P12-8
chr21	22420553	22420653	5	P12-8
chr22	31326440	31326591	2	P12-8
chr22	34353393	34353552	19	P12-8
chr22	34353695	34353824	1	P12-8
chr22	41859867	41859995	1	P12-8
chr22	41860090	41860232	4	P12-8
chrX	626612	626660	2	P12-8
chrX	7035161	7035295	2	P12-8
chrX	20523975	20524092	2	P12-8
chrX	38168396	38168574	5	P12-8
chrX	83537391	83537503	2	P12-8
chrX	113935973	113936072	1	P12-8
chrX	113936117	113936245	1	P12-8
chrX	123210179	123210305	1	P12-8
chrX	123210438	123210530	1	P12-8
chrX	128530605	128530810	4	P12-8
chrX	129020647	129020745	12	P12-8
chrX	139172157	139172305	4	P12-8
chrX	146049110	146049208	3	P12-8
chrX	146049260	146049390	3	P12-8
chr17_KI270729v1_random	1688	1748	65	P12-8
chrUn_KI270591v1	4580	4655	2	P12-8
chrUn_KN707896v1_decoy	18178	18301	3	P12-8
chrUn_KN707896v1_decoy	22569	22640	1	P12-8
chrUn_JTFH01001613v1_decoy	1014	1082	1	P12-8
